2026-09-20 22:02:57,992 [INFO] === NIFTY: starting Phase 2 search ===
2026-09-20 22:03:53,192 [INFO]   window=15min threshold=1.0% -> 30341 signals, win_rate=73.0%, Wilson lower bound=72.2% (at 99.75% confidence)
2026-09-20 22:04:57,679 [INFO]   window=15min threshold=2.0% -> 13514 signals, win_rate=59.9%, Wilson lower bound=58.6% (at 99.75% confidence)
2026-09-20 22:05:58,591 [INFO]   window=15min threshold=2.5% -> 11188 signals, win_rate=55.0%, Wilson lower bound=53.6% (at 99.75% confidence)
2026-09-20 22:07:01,635 [INFO]   window=15min threshold=3.5% -> 7115 signals, win_rate=47.7%, Wilson lower bound=45.9% (at 99.75% confidence)
2026-09-20 22:08:02,702 [INFO]   window=60min threshold=2.0% -> 13256 signals, win_rate=76.9%, Wilson lower bound=75.8% (at 99.75% confidence)
2026-09-20 22:09:05,891 [INFO]   window=60min threshold=3.5% -> 10022 signals, win_rate=66.0%, Wilson lower bound=64.6% (at 99.75% confidence)
2026-09-20 22:09:59,509 [INFO]   window=60min threshold=5.0% -> 8351 signals, win_rate=54.8%, Wilson lower bound=53.1% (at 99.75% confidence)
2026-09-20 22:10:55,519 [INFO]   window=60min threshold=7.0% -> 7188 signals, win_rate=43.1%, Wilson lower bound=41.4% (at 99.75% confidence)
2026-09-20 22:11:47,125 [INFO]   window=180min threshold=3.0% -> 9421 signals, win_rate=72.3%, Wilson lower bound=70.9% (at 99.75% confidence)
2026-09-20 22:12:45,701 [INFO]   window=180min threshold=6.0% -> 9317 signals, win_rate=48.4%, Wilson lower bound=46.8% (at 99.75% confidence)
2026-09-20 22:13:37,800 [INFO]   window=180min threshold=9.0% -> 9220 signals, win_rate=33.9%, Wilson lower bound=32.4% (at 99.75% confidence)
2026-09-20 22:14:32,275 [INFO]   window=180min threshold=12.0% -> 9147 signals, win_rate=24.3%, Wilson lower bound=23.0% (at 99.75% confidence)
2026-09-20 22:15:22,436 [INFO]   window=375min threshold=4.0% -> only 0 signals, skipping (need >=10)
2026-09-20 22:16:13,825 [INFO]   window=375min threshold=8.5% -> only 0 signals, skipping (need >=10)
2026-09-20 22:17:04,262 [INFO]   window=375min threshold=13.0% -> only 0 signals, skipping (need >=10)
2026-09-20 22:17:58,111 [INFO]   window=375min threshold=17.0% -> only 0 signals, skipping (need >=10)
2026-09-20 22:18:47,002 [INFO]   window=750min threshold=6.0% -> only 0 signals, skipping (need >=10)
2026-09-20 22:19:42,964 [INFO]   window=750min threshold=12.0% -> only 0 signals, skipping (need >=10)
2026-09-20 22:20:35,401 [INFO]   window=750min threshold=18.0% -> only 0 signals, skipping (need >=10)
2026-09-20 22:21:19,840 [INFO]   window=750min threshold=24.0% -> only 0 signals, skipping (need >=10)
2026-09-20 22:21:19,841 [INFO] NIFTY: selected window=60min threshold=2.0% (Wilson lower bound 75.8%)
2026-09-20 22:21:22,217 [INFO] NIFTY: wrote C:\AUTOBATAIML\data\model_results_NIFTY.json
2026-09-20 22:21:22,264 [INFO] === CRUDEOILM: starting Phase 2 search ===
2026-09-20 22:23:27,474 [INFO]   window=15min threshold=1.5% -> 59071 signals, win_rate=48.7%, Wilson lower bound=48.0% (at 99.79% confidence)
2026-09-20 22:25:51,901 [INFO]   window=15min threshold=2.5% -> 44557 signals, win_rate=26.8%, Wilson lower bound=26.2% (at 99.79% confidence)
2026-09-20 22:28:08,462 [INFO]   window=15min threshold=4.0% -> 38756 signals, win_rate=9.5%, Wilson lower bound=9.1% (at 99.79% confidence)
2026-09-20 22:30:22,045 [INFO]   window=15min threshold=5.0% -> 38728 signals, win_rate=5.7%, Wilson lower bound=5.4% (at 99.79% confidence)
2026-09-20 22:32:30,157 [INFO]   window=60min threshold=2.5% -> 58694 signals, win_rate=59.0%, Wilson lower bound=58.4% (at 99.79% confidence)
2026-09-20 22:34:50,697 [INFO]   window=60min threshold=5.0% -> 36811 signals, win_rate=30.7%, Wilson lower bound=29.9% (at 99.79% confidence)
2026-09-20 22:36:52,400 [INFO]   window=60min threshold=8.0% -> 36809 signals, win_rate=10.6%, Wilson lower bound=10.1% (at 99.79% confidence)
2026-09-20 22:38:53,697 [INFO]   window=60min threshold=10.0% -> 36811 signals, win_rate=4.4%, Wilson lower bound=4.1% (at 99.79% confidence)
2026-09-20 22:40:49,985 [INFO]   window=870min threshold=10.0% -> 24135 signals, win_rate=87.0%, Wilson lower bound=86.3% (at 99.79% confidence)
2026-09-20 22:42:40,913 [INFO]   window=870min threshold=20.0% -> 24296 signals, win_rate=81.0%, Wilson lower bound=80.2% (at 99.79% confidence)
2026-09-20 22:44:35,999 [INFO]   window=870min threshold=30.0% -> 2213 signals, win_rate=51.5%, Wilson lower bound=48.2% (at 99.79% confidence)
2026-09-20 22:46:29,079 [INFO]   window=870min threshold=40.0% -> 2238 signals, win_rate=50.1%, Wilson lower bound=46.9% (at 99.79% confidence)
2026-09-20 22:48:13,943 [INFO]   window=2610min threshold=17.0% -> 2212 signals, win_rate=61.9%, Wilson lower bound=58.7% (at 99.79% confidence)
2026-09-20 22:49:52,560 [INFO]   window=2610min threshold=34.0% -> 1515 signals, win_rate=50.3%, Wilson lower bound=46.4% (at 99.79% confidence)
2026-09-20 22:51:28,566 [INFO]   window=2610min threshold=51.0% -> 23246 signals, win_rate=59.8%, Wilson lower bound=58.8% (at 99.79% confidence)
2026-09-20 22:53:04,505 [INFO]   window=2610min threshold=68.0% -> 24293 signals, win_rate=46.0%, Wilson lower bound=45.0% (at 99.79% confidence)
2026-09-20 22:54:25,687 [INFO]   window=4350min threshold=22.0% -> only 2 signals, skipping (need >=10)
2026-09-20 22:55:48,718 [INFO]   window=4350min threshold=44.0% -> 148 signals, win_rate=99.3%, Wilson lower bound=92.8% (at 99.79% confidence)
2026-09-20 22:57:15,480 [INFO]   window=4350min threshold=66.0% -> 21487 signals, win_rate=77.5%, Wilson lower bound=76.6% (at 99.79% confidence)
2026-09-20 22:58:51,132 [INFO]   window=4350min threshold=88.0% -> 21487 signals, win_rate=52.8%, Wilson lower bound=51.8% (at 99.79% confidence)
2026-09-20 22:59:54,855 [INFO]   window=8700min threshold=31.0% -> only 0 signals, skipping (need >=10)
2026-09-20 23:00:58,057 [INFO]   window=8700min threshold=62.0% -> only 0 signals, skipping (need >=10)
2026-09-20 23:02:01,571 [INFO]   window=8700min threshold=93.0% -> only 0 signals, skipping (need >=10)
2026-09-20 23:03:05,839 [INFO]   window=8700min threshold=100.0% -> only 0 signals, skipping (need >=10)
2026-09-20 23:03:05,839 [INFO] CRUDEOILM: selected window=4350min threshold=44.0% (Wilson lower bound 92.8%)
2026-09-20 23:03:05,928 [INFO] CRUDEOILM: wrote C:\AUTOBATAIML\data\model_results_CRUDEOILM.json
2026-09-21 19:38:22,564 [INFO] === NIFTY: starting Phase 2 search ===
2026-09-21 19:39:48,782 [INFO]   window=15min threshold=1.0% -> 30890 signals, win_rate=73.1%, Wilson lower bound=72.3% (at 99.75% confidence)
2026-09-21 19:41:39,096 [INFO]   window=15min threshold=2.0% -> 13704 signals, win_rate=60.2%, Wilson lower bound=58.9% (at 99.75% confidence)
2026-09-21 19:42:49,438 [INFO]   window=15min threshold=2.5% -> 11284 signals, win_rate=55.2%, Wilson lower bound=53.8% (at 99.75% confidence)
2026-09-21 19:43:58,724 [INFO]   window=15min threshold=3.5% -> 7125 signals, win_rate=47.8%, Wilson lower bound=46.0% (at 99.75% confidence)
2026-09-21 19:45:07,872 [INFO]   window=60min threshold=2.0% -> 13673 signals, win_rate=76.9%, Wilson lower bound=75.8% (at 99.75% confidence)
2026-09-21 19:46:16,269 [INFO]   window=60min threshold=3.5% -> 10196 signals, win_rate=66.0%, Wilson lower bound=64.5% (at 99.75% confidence)
2026-09-21 19:47:24,997 [INFO]   window=60min threshold=5.0% -> 8521 signals, win_rate=54.7%, Wilson lower bound=53.0% (at 99.75% confidence)
2026-09-21 19:48:33,942 [INFO]   window=60min threshold=7.0% -> 7322 signals, win_rate=43.1%, Wilson lower bound=41.3% (at 99.75% confidence)
2026-09-21 19:49:41,302 [INFO]   window=180min threshold=3.0% -> 14820 signals, win_rate=77.8%, Wilson lower bound=76.7% (at 99.75% confidence)
2026-09-21 19:50:49,182 [INFO]   window=180min threshold=6.0% -> 14664 signals, win_rate=59.7%, Wilson lower bound=58.5% (at 99.75% confidence)
2026-09-21 19:51:57,854 [INFO]   window=180min threshold=9.0% -> 14044 signals, win_rate=45.6%, Wilson lower bound=44.4% (at 99.75% confidence)
2026-09-21 19:53:04,682 [INFO]   window=180min threshold=12.0% -> 13759 signals, win_rate=34.1%, Wilson lower bound=32.9% (at 99.75% confidence)
2026-09-21 19:54:08,675 [INFO]   window=375min threshold=4.0% -> 14619 signals, win_rate=76.4%, Wilson lower bound=75.3% (at 99.75% confidence)
2026-09-21 19:55:12,348 [INFO]   window=375min threshold=8.5% -> 13930 signals, win_rate=58.3%, Wilson lower bound=57.0% (at 99.75% confidence)
2026-09-21 19:56:16,112 [INFO]   window=375min threshold=13.0% -> 13395 signals, win_rate=42.8%, Wilson lower bound=41.5% (at 99.75% confidence)
2026-09-21 19:57:19,590 [INFO]   window=375min threshold=17.0% -> 12590 signals, win_rate=31.7%, Wilson lower bound=30.5% (at 99.75% confidence)
2026-09-21 19:58:23,204 [INFO]   window=750min threshold=6.0% -> 14793 signals, win_rate=66.8%, Wilson lower bound=65.6% (at 99.75% confidence)
2026-09-21 19:59:28,248 [INFO]   window=750min threshold=12.0% -> 13745 signals, win_rate=46.0%, Wilson lower bound=44.8% (at 99.75% confidence)
2026-09-21 20:00:31,859 [INFO]   window=750min threshold=18.0% -> 12526 signals, win_rate=29.3%, Wilson lower bound=28.1% (at 99.75% confidence)
2026-09-21 20:01:35,811 [INFO]   window=750min threshold=24.0% -> 12863 signals, win_rate=17.2%, Wilson lower bound=16.3% (at 99.75% confidence)
2026-09-21 20:01:35,812 [INFO] NIFTY: selected window=180min threshold=3.0% (Wilson lower bound 76.7%)
2026-09-21 20:01:38,907 [INFO] NIFTY: wrote C:\AUTOBATAIML\data\model_results_NIFTY.json
2026-09-21 20:01:39,051 [INFO] === CRUDEOILM: starting Phase 2 search ===
2026-09-21 20:04:01,890 [INFO]   window=15min threshold=1.5% -> 87724 signals, win_rate=46.7%, Wilson lower bound=46.2% (at 99.79% confidence)
2026-09-21 20:06:26,882 [INFO]   window=15min threshold=2.5% -> 73210 signals, win_rate=25.8%, Wilson lower bound=25.3% (at 99.79% confidence)
2026-09-21 20:09:01,866 [INFO]   window=15min threshold=4.0% -> 67408 signals, win_rate=9.2%, Wilson lower bound=8.9% (at 99.79% confidence)
2026-09-21 20:11:41,253 [INFO] === NIFTY: starting Phase 2 search ===
2026-09-21 20:12:53,431 [INFO]   window=15min threshold=1.0% -> 30890 signals, win_rate=73.1%, Wilson lower bound=72.3% (at 99.75% confidence)
2026-09-21 20:14:15,433 [INFO]   window=15min threshold=2.0% -> 13704 signals, win_rate=60.2%, Wilson lower bound=58.9% (at 99.75% confidence)
2026-09-21 20:15:26,011 [INFO]   window=15min threshold=2.5% -> 11284 signals, win_rate=55.2%, Wilson lower bound=53.8% (at 99.75% confidence)
2026-09-21 20:16:29,396 [INFO]   window=15min threshold=3.5% -> 7125 signals, win_rate=47.8%, Wilson lower bound=46.0% (at 99.75% confidence)
2026-09-21 20:17:39,996 [INFO]   window=60min threshold=2.0% -> 13673 signals, win_rate=76.9%, Wilson lower bound=75.8% (at 99.75% confidence)
2026-09-21 20:18:48,377 [INFO]   window=60min threshold=3.5% -> 10196 signals, win_rate=66.0%, Wilson lower bound=64.5% (at 99.75% confidence)
2026-09-21 20:19:58,779 [INFO]   window=60min threshold=5.0% -> 8521 signals, win_rate=54.7%, Wilson lower bound=53.0% (at 99.75% confidence)
2026-09-21 20:21:03,757 [INFO]   window=60min threshold=7.0% -> 7322 signals, win_rate=43.1%, Wilson lower bound=41.3% (at 99.75% confidence)
2026-09-21 20:22:07,816 [INFO]   window=180min threshold=3.0% -> 14820 signals, win_rate=77.8%, Wilson lower bound=76.7% (at 99.75% confidence)
2026-09-21 20:23:19,169 [INFO]   window=180min threshold=6.0% -> 14664 signals, win_rate=59.7%, Wilson lower bound=58.5% (at 99.75% confidence)
2026-09-21 20:24:23,471 [INFO]   window=180min threshold=9.0% -> 14044 signals, win_rate=45.6%, Wilson lower bound=44.4% (at 99.75% confidence)
2026-09-21 20:25:31,727 [INFO]   window=180min threshold=12.0% -> 13759 signals, win_rate=34.1%, Wilson lower bound=32.9% (at 99.75% confidence)
2026-09-21 20:26:38,712 [INFO]   window=375min threshold=4.0% -> 14619 signals, win_rate=76.4%, Wilson lower bound=75.3% (at 99.75% confidence)
2026-09-21 20:27:49,439 [INFO]   window=375min threshold=8.5% -> 13930 signals, win_rate=58.3%, Wilson lower bound=57.0% (at 99.75% confidence)
2026-09-21 20:28:51,707 [INFO]   window=375min threshold=13.0% -> 13395 signals, win_rate=42.8%, Wilson lower bound=41.5% (at 99.75% confidence)
2026-09-21 20:29:58,661 [INFO]   window=375min threshold=17.0% -> 12590 signals, win_rate=31.7%, Wilson lower bound=30.5% (at 99.75% confidence)
2026-09-21 20:31:03,405 [INFO]   window=750min threshold=6.0% -> 14793 signals, win_rate=66.8%, Wilson lower bound=65.6% (at 99.75% confidence)
2026-09-21 20:32:08,542 [INFO]   window=750min threshold=12.0% -> 13745 signals, win_rate=46.0%, Wilson lower bound=44.8% (at 99.75% confidence)
2026-09-21 20:33:24,514 [INFO]   window=750min threshold=18.0% -> 12526 signals, win_rate=29.3%, Wilson lower bound=28.1% (at 99.75% confidence)
2026-09-21 20:34:20,581 [INFO]   window=750min threshold=24.0% -> 12863 signals, win_rate=17.2%, Wilson lower bound=16.3% (at 99.75% confidence)
2026-09-21 20:34:20,582 [INFO] NIFTY: selected window=180min threshold=3.0% (Wilson lower bound 76.7%)
2026-09-21 20:34:23,288 [INFO] NIFTY: wrote C:\AUTOBATAIML\data\model_results_NIFTY.json
2026-09-21 20:34:23,368 [INFO] === CRUDEOILM: starting Phase 2 search ===
2026-09-21 20:36:48,909 [INFO]   window=15min threshold=1.5% -> 89184 signals, win_rate=46.8%, Wilson lower bound=46.3% (at 99.79% confidence)
2026-09-21 20:39:03,402 [INFO]   window=15min threshold=2.5% -> 74670 signals, win_rate=26.2%, Wilson lower bound=25.7% (at 99.79% confidence)
2026-09-21 20:41:17,260 [INFO]   window=15min threshold=4.0% -> 68868 signals, win_rate=9.7%, Wilson lower bound=9.4% (at 99.79% confidence)
2026-09-21 20:43:33,191 [INFO]   window=15min threshold=5.0% -> 68839 signals, win_rate=5.2%, Wilson lower bound=5.0% (at 99.79% confidence)
2026-09-21 20:45:46,989 [INFO]   window=60min threshold=2.5% -> 88761 signals, win_rate=56.0%, Wilson lower bound=55.5% (at 99.79% confidence)
2026-09-21 20:48:01,720 [INFO]   window=60min threshold=5.0% -> 66878 signals, win_rate=26.9%, Wilson lower bound=26.4% (at 99.79% confidence)
2026-09-21 20:50:17,057 [INFO]   window=60min threshold=8.0% -> 66874 signals, win_rate=9.3%, Wilson lower bound=9.0% (at 99.79% confidence)
2026-09-21 20:52:32,341 [INFO]   window=60min threshold=10.0% -> 49059 signals, win_rate=4.0%, Wilson lower bound=3.7% (at 99.79% confidence)
2026-09-21 20:54:38,967 [INFO]   window=870min threshold=10.0% -> 24135 signals, win_rate=87.0%, Wilson lower bound=86.3% (at 99.79% confidence)
2026-09-21 20:56:47,542 [INFO]   window=870min threshold=20.0% -> 24296 signals, win_rate=81.0%, Wilson lower bound=80.2% (at 99.79% confidence)
2026-09-21 20:59:02,128 [INFO]   window=870min threshold=30.0% -> 2213 signals, win_rate=51.5%, Wilson lower bound=48.2% (at 99.79% confidence)
2026-09-21 21:01:05,375 [INFO]   window=870min threshold=40.0% -> 2238 signals, win_rate=50.1%, Wilson lower bound=46.9% (at 99.79% confidence)
2026-09-21 21:03:13,423 [INFO]   window=2610min threshold=17.0% -> 2212 signals, win_rate=61.9%, Wilson lower bound=58.7% (at 99.79% confidence)
2026-09-21 21:05:31,569 [INFO]   window=2610min threshold=34.0% -> 1515 signals, win_rate=50.3%, Wilson lower bound=46.4% (at 99.79% confidence)
2026-09-21 21:07:37,179 [INFO]   window=2610min threshold=51.0% -> 23246 signals, win_rate=59.8%, Wilson lower bound=58.8% (at 99.79% confidence)
2026-09-21 21:09:40,278 [INFO]   window=2610min threshold=68.0% -> 24293 signals, win_rate=46.0%, Wilson lower bound=45.0% (at 99.79% confidence)
2026-09-21 21:11:41,864 [INFO]   window=4350min threshold=22.0% -> only 2 signals, skipping (need >=10)
2026-09-21 21:13:42,390 [INFO]   window=4350min threshold=44.0% -> 2299 signals, win_rate=76.5%, Wilson lower bound=73.6% (at 99.79% confidence)
2026-09-21 21:15:42,426 [INFO]   window=4350min threshold=66.0% -> 22452 signals, win_rate=77.1%, Wilson lower bound=76.2% (at 99.79% confidence)
2026-09-21 21:17:41,982 [INFO]   window=4350min threshold=88.0% -> 22469 signals, win_rate=53.4%, Wilson lower bound=52.4% (at 99.79% confidence)
2026-09-21 21:19:05,733 [INFO]   window=8700min threshold=31.0% -> only 3 signals, skipping (need >=10)
2026-09-21 21:20:28,650 [INFO]   window=8700min threshold=62.0% -> 16512 signals, win_rate=89.8%, Wilson lower bound=89.1% (at 99.79% confidence)
2026-09-21 21:21:51,561 [INFO]   window=8700min threshold=93.0% -> 16512 signals, win_rate=55.9%, Wilson lower bound=54.7% (at 99.79% confidence)
2026-09-21 21:23:15,001 [INFO]   window=8700min threshold=100.0% -> 16512 signals, win_rate=50.7%, Wilson lower bound=49.5% (at 99.79% confidence)
2026-09-21 21:23:15,001 [INFO] CRUDEOILM: selected window=8700min threshold=62.0% (Wilson lower bound 89.1%)
2026-09-21 21:23:17,885 [INFO] CRUDEOILM: wrote C:\AUTOBATAIML\data\model_results_CRUDEOILM.json
2026-09-21 23:46:01,907 [INFO] === NIFTY: starting Phase 2 search ===
2026-09-21 23:47:10,473 [INFO]   window=15min threshold=1.0% -> 30890 signals, win_rate=73.1%, Wilson lower bound=72.3% (at 99.75% confidence)
2026-09-21 23:48:17,124 [INFO]   window=15min threshold=2.0% -> 13704 signals, win_rate=60.2%, Wilson lower bound=58.9% (at 99.75% confidence)
2026-09-21 23:49:27,784 [INFO]   window=15min threshold=2.5% -> 11284 signals, win_rate=55.2%, Wilson lower bound=53.8% (at 99.75% confidence)
2026-09-21 23:50:32,112 [INFO]   window=15min threshold=3.5% -> 7125 signals, win_rate=47.8%, Wilson lower bound=46.0% (at 99.75% confidence)
2026-09-21 23:51:32,634 [INFO]   window=60min threshold=2.0% -> 13673 signals, win_rate=76.9%, Wilson lower bound=75.8% (at 99.75% confidence)
2026-09-21 23:52:39,782 [INFO]   window=60min threshold=3.5% -> 10196 signals, win_rate=66.0%, Wilson lower bound=64.5% (at 99.75% confidence)
2026-09-21 23:53:41,412 [INFO]   window=60min threshold=5.0% -> 8521 signals, win_rate=54.7%, Wilson lower bound=53.0% (at 99.75% confidence)
2026-09-21 23:54:53,899 [INFO]   window=60min threshold=7.0% -> 7322 signals, win_rate=43.1%, Wilson lower bound=41.3% (at 99.75% confidence)
2026-09-21 23:55:53,173 [INFO]   window=180min threshold=3.0% -> 14820 signals, win_rate=77.8%, Wilson lower bound=76.7% (at 99.75% confidence)
2026-09-21 23:56:53,284 [INFO]   window=180min threshold=6.0% -> 14664 signals, win_rate=59.7%, Wilson lower bound=58.5% (at 99.75% confidence)
2026-09-21 23:58:00,838 [INFO]   window=180min threshold=9.0% -> 14044 signals, win_rate=45.6%, Wilson lower bound=44.4% (at 99.75% confidence)
2026-09-21 23:59:03,816 [INFO]   window=180min threshold=12.0% -> 13759 signals, win_rate=34.1%, Wilson lower bound=32.9% (at 99.75% confidence)
2026-09-22 00:00:02,126 [INFO]   window=375min threshold=4.0% -> 14619 signals, win_rate=76.4%, Wilson lower bound=75.3% (at 99.75% confidence)
2026-09-22 00:01:04,183 [INFO]   window=375min threshold=8.5% -> 13930 signals, win_rate=58.3%, Wilson lower bound=57.0% (at 99.75% confidence)
2026-09-22 00:02:01,660 [INFO]   window=375min threshold=13.0% -> 13395 signals, win_rate=42.8%, Wilson lower bound=41.5% (at 99.75% confidence)
2026-09-22 00:02:59,751 [INFO]   window=375min threshold=17.0% -> 12590 signals, win_rate=31.7%, Wilson lower bound=30.5% (at 99.75% confidence)
2026-09-22 00:04:03,597 [INFO]   window=750min threshold=6.0% -> 14793 signals, win_rate=66.8%, Wilson lower bound=65.6% (at 99.75% confidence)
2026-09-22 00:05:07,972 [INFO]   window=750min threshold=12.0% -> 13745 signals, win_rate=46.0%, Wilson lower bound=44.8% (at 99.75% confidence)
2026-09-22 00:06:17,830 [INFO]   window=750min threshold=18.0% -> 12526 signals, win_rate=29.3%, Wilson lower bound=28.1% (at 99.75% confidence)
2026-09-22 00:07:35,118 [INFO]   window=750min threshold=24.0% -> 12863 signals, win_rate=17.2%, Wilson lower bound=16.3% (at 99.75% confidence)
2026-09-22 00:07:35,120 [INFO] NIFTY: selected window=180min threshold=3.0% (Wilson lower bound 76.7%)
2026-09-22 00:07:38,634 [INFO] NIFTY: wrote C:\AUTOBATAIML\data\model_results_NIFTY.json
2026-09-22 00:07:38,825 [INFO] === CRUDEOILM: starting Phase 2 search ===
2026-09-22 00:10:41,616 [INFO]   window=15min threshold=1.5% -> 98199 signals, win_rate=46.5%, Wilson lower bound=46.0% (at 99.79% confidence)
2026-09-22 00:13:02,369 [INFO]   window=15min threshold=2.5% -> 83685 signals, win_rate=26.0%, Wilson lower bound=25.5% (at 99.79% confidence)
2026-09-22 00:16:03,811 [INFO]   window=15min threshold=4.0% -> 77883 signals, win_rate=9.6%, Wilson lower bound=9.3% (at 99.79% confidence)
2026-09-22 00:18:57,547 [INFO]   window=15min threshold=5.0% -> 77854 signals, win_rate=5.2%, Wilson lower bound=5.0% (at 99.79% confidence)
2026-09-22 00:21:34,439 [INFO]   window=60min threshold=2.5% -> 97858 signals, win_rate=55.8%, Wilson lower bound=55.3% (at 99.79% confidence)
2026-09-22 00:24:03,141 [INFO]   window=60min threshold=5.0% -> 75975 signals, win_rate=27.6%, Wilson lower bound=27.1% (at 99.79% confidence)
2026-09-22 00:26:33,758 [INFO]   window=60min threshold=8.0% -> 75971 signals, win_rate=10.1%, Wilson lower bound=9.8% (at 99.79% confidence)
2026-09-22 00:29:06,643 [INFO]   window=60min threshold=10.0% -> 57246 signals, win_rate=4.0%, Wilson lower bound=3.8% (at 99.79% confidence)
2026-09-22 00:31:30,391 [INFO]   window=870min threshold=10.0% -> 24135 signals, win_rate=87.0%, Wilson lower bound=86.3% (at 99.79% confidence)
2026-09-22 00:33:41,962 [INFO]   window=870min threshold=20.0% -> 24296 signals, win_rate=81.0%, Wilson lower bound=80.2% (at 99.79% confidence)
2026-09-22 00:36:01,706 [INFO]   window=870min threshold=30.0% -> 2213 signals, win_rate=51.5%, Wilson lower bound=48.2% (at 99.79% confidence)
2026-09-22 00:38:24,607 [INFO]   window=870min threshold=40.0% -> 2238 signals, win_rate=50.1%, Wilson lower bound=46.9% (at 99.79% confidence)
2026-09-22 00:40:43,557 [INFO]   window=2610min threshold=17.0% -> 2212 signals, win_rate=61.9%, Wilson lower bound=58.7% (at 99.79% confidence)
2026-09-22 00:43:01,667 [INFO]   window=2610min threshold=34.0% -> 1515 signals, win_rate=50.3%, Wilson lower bound=46.4% (at 99.79% confidence)
2026-09-22 00:45:26,808 [INFO]   window=2610min threshold=51.0% -> 23246 signals, win_rate=59.8%, Wilson lower bound=58.8% (at 99.79% confidence)
2026-09-22 00:47:40,362 [INFO]   window=2610min threshold=68.0% -> 24293 signals, win_rate=46.0%, Wilson lower bound=45.0% (at 99.79% confidence)
2026-09-22 00:50:03,349 [INFO]   window=4350min threshold=22.0% -> only 2 signals, skipping (need >=10)
2026-09-22 00:52:21,416 [INFO]   window=4350min threshold=44.0% -> 2299 signals, win_rate=76.5%, Wilson lower bound=73.6% (at 99.79% confidence)
2026-09-22 00:54:37,892 [INFO]   window=4350min threshold=66.0% -> 22452 signals, win_rate=77.1%, Wilson lower bound=76.2% (at 99.79% confidence)
2026-09-22 00:57:01,415 [INFO]   window=4350min threshold=88.0% -> 22469 signals, win_rate=53.4%, Wilson lower bound=52.4% (at 99.79% confidence)
2026-09-22 00:58:40,408 [INFO]   window=8700min threshold=31.0% -> only 3 signals, skipping (need >=10)
2026-09-22 01:00:29,292 [INFO]   window=8700min threshold=62.0% -> 20852 signals, win_rate=85.1%, Wilson lower bound=84.3% (at 99.79% confidence)
2026-09-22 01:02:24,137 [INFO]   window=8700min threshold=93.0% -> 19848 signals, win_rate=55.9%, Wilson lower bound=54.8% (at 99.79% confidence)
2026-09-22 01:04:14,216 [INFO]   window=8700min threshold=100.0% -> 20519 signals, win_rate=49.9%, Wilson lower bound=48.9% (at 99.79% confidence)
2026-09-22 01:04:14,221 [INFO] CRUDEOILM: selected window=870min threshold=10.0% (Wilson lower bound 86.3%)
2026-09-22 01:04:18,790 [INFO] CRUDEOILM: wrote C:\AUTOBATAIML\data\model_results_CRUDEOILM.json
2026-09-22 01:57:49,190 [INFO] === NIFTY: starting Phase 2 search ===
2026-09-22 01:58:59,731 [INFO]   window=15min threshold=1.0% -> 30890 signals, win_rate=73.1%, Wilson lower bound=72.3% (at 99.75% confidence)
2026-09-22 02:00:04,857 [INFO]   window=15min threshold=2.0% -> 13704 signals, win_rate=60.2%, Wilson lower bound=58.9% (at 99.75% confidence)
2026-09-22 02:01:10,796 [INFO]   window=15min threshold=2.5% -> 11284 signals, win_rate=55.2%, Wilson lower bound=53.8% (at 99.75% confidence)
2026-09-22 02:02:34,332 [INFO]   window=15min threshold=3.5% -> 7125 signals, win_rate=47.8%, Wilson lower bound=46.0% (at 99.75% confidence)
2026-09-22 02:03:43,617 [INFO]   window=60min threshold=2.0% -> 13673 signals, win_rate=76.9%, Wilson lower bound=75.8% (at 99.75% confidence)
2026-09-22 02:04:47,154 [INFO]   window=60min threshold=3.5% -> 10196 signals, win_rate=66.0%, Wilson lower bound=64.5% (at 99.75% confidence)
2026-09-22 02:05:51,853 [INFO]   window=60min threshold=5.0% -> 8521 signals, win_rate=54.7%, Wilson lower bound=53.0% (at 99.75% confidence)
2026-09-22 02:07:01,968 [INFO]   window=60min threshold=7.0% -> 7322 signals, win_rate=43.1%, Wilson lower bound=41.3% (at 99.75% confidence)
2026-09-22 02:08:05,981 [INFO]   window=180min threshold=3.0% -> 14820 signals, win_rate=77.8%, Wilson lower bound=76.7% (at 99.75% confidence)
2026-09-22 02:09:08,353 [INFO]   window=180min threshold=6.0% -> 14664 signals, win_rate=59.7%, Wilson lower bound=58.5% (at 99.75% confidence)
2026-09-22 02:10:10,187 [INFO]   window=180min threshold=9.0% -> 14044 signals, win_rate=45.6%, Wilson lower bound=44.4% (at 99.75% confidence)
2026-09-22 02:11:13,092 [INFO]   window=180min threshold=12.0% -> 13759 signals, win_rate=34.1%, Wilson lower bound=32.9% (at 99.75% confidence)
2026-09-22 02:12:13,595 [INFO]   window=375min threshold=4.0% -> 14619 signals, win_rate=76.4%, Wilson lower bound=75.3% (at 99.75% confidence)
2026-09-22 02:13:12,595 [INFO]   window=375min threshold=8.5% -> 13930 signals, win_rate=58.3%, Wilson lower bound=57.0% (at 99.75% confidence)
2026-09-22 02:14:12,072 [INFO]   window=375min threshold=13.0% -> 13395 signals, win_rate=42.8%, Wilson lower bound=41.5% (at 99.75% confidence)
2026-09-22 02:15:10,969 [INFO]   window=375min threshold=17.0% -> 12590 signals, win_rate=31.7%, Wilson lower bound=30.5% (at 99.75% confidence)
2026-09-22 02:16:07,603 [INFO]   window=750min threshold=6.0% -> 14793 signals, win_rate=66.8%, Wilson lower bound=65.6% (at 99.75% confidence)
2026-09-22 02:17:03,424 [INFO]   window=750min threshold=12.0% -> 13745 signals, win_rate=46.0%, Wilson lower bound=44.8% (at 99.75% confidence)
2026-09-22 02:17:56,639 [INFO]   window=750min threshold=18.0% -> 12526 signals, win_rate=29.3%, Wilson lower bound=28.1% (at 99.75% confidence)
2026-09-22 02:18:50,476 [INFO]   window=750min threshold=24.0% -> 12863 signals, win_rate=17.2%, Wilson lower bound=16.3% (at 99.75% confidence)
2026-09-22 02:18:50,477 [INFO] NIFTY: selected window=180min threshold=3.0% (Wilson lower bound 76.7%)
2026-09-22 02:18:53,080 [INFO] NIFTY: wrote C:\AUTOBATAIML\data\model_results_NIFTY.json
2026-09-22 02:18:53,182 [INFO] === CRUDEOILM: starting Phase 2 search ===
2026-09-22 02:21:10,550 [INFO]   window=15min threshold=1.5% -> 98199 signals, win_rate=46.5%, Wilson lower bound=46.0% (at 99.79% confidence)
2026-09-22 02:23:39,846 [INFO]   window=15min threshold=2.5% -> 83685 signals, win_rate=26.0%, Wilson lower bound=25.5% (at 99.79% confidence)
2026-09-22 02:26:15,726 [INFO]   window=15min threshold=4.0% -> 77883 signals, win_rate=9.6%, Wilson lower bound=9.3% (at 99.79% confidence)
2026-09-22 02:29:32,219 [INFO]   window=15min threshold=5.0% -> 77854 signals, win_rate=5.2%, Wilson lower bound=5.0% (at 99.79% confidence)
2026-09-22 02:31:47,672 [INFO]   window=60min threshold=2.5% -> 97858 signals, win_rate=55.8%, Wilson lower bound=55.3% (at 99.79% confidence)
2026-09-22 02:34:03,992 [INFO]   window=60min threshold=5.0% -> 75975 signals, win_rate=27.6%, Wilson lower bound=27.1% (at 99.79% confidence)
2026-09-22 02:36:19,251 [INFO]   window=60min threshold=8.0% -> 75971 signals, win_rate=10.1%, Wilson lower bound=9.8% (at 99.79% confidence)
2026-09-22 02:38:34,483 [INFO]   window=60min threshold=10.0% -> 57246 signals, win_rate=4.0%, Wilson lower bound=3.8% (at 99.79% confidence)
2026-09-22 02:40:39,450 [INFO]   window=870min threshold=10.0% -> 24135 signals, win_rate=87.0%, Wilson lower bound=86.3% (at 99.79% confidence)
2026-09-22 02:42:45,014 [INFO]   window=870min threshold=20.0% -> 24296 signals, win_rate=81.0%, Wilson lower bound=80.2% (at 99.79% confidence)
2026-09-22 02:44:50,455 [INFO]   window=870min threshold=30.0% -> 2213 signals, win_rate=51.5%, Wilson lower bound=48.2% (at 99.79% confidence)
2026-09-22 02:46:55,650 [INFO]   window=870min threshold=40.0% -> 2238 signals, win_rate=50.1%, Wilson lower bound=46.9% (at 99.79% confidence)
2026-09-22 02:49:02,643 [INFO]   window=2610min threshold=17.0% -> 2212 signals, win_rate=61.9%, Wilson lower bound=58.7% (at 99.79% confidence)
2026-09-22 02:51:08,527 [INFO]   window=2610min threshold=34.0% -> 1515 signals, win_rate=50.3%, Wilson lower bound=46.4% (at 99.79% confidence)
2026-09-22 02:53:15,266 [INFO]   window=2610min threshold=51.0% -> 23246 signals, win_rate=59.8%, Wilson lower bound=58.8% (at 99.79% confidence)
2026-09-22 02:55:21,013 [INFO]   window=2610min threshold=68.0% -> 24293 signals, win_rate=46.0%, Wilson lower bound=45.0% (at 99.79% confidence)
2026-09-22 02:57:29,226 [INFO]   window=4350min threshold=22.0% -> only 2 signals, skipping (need >=10)
2026-09-22 02:59:35,524 [INFO]   window=4350min threshold=44.0% -> 2299 signals, win_rate=76.5%, Wilson lower bound=73.6% (at 99.79% confidence)
2026-09-22 03:01:41,754 [INFO]   window=4350min threshold=66.0% -> 22452 signals, win_rate=77.1%, Wilson lower bound=76.2% (at 99.79% confidence)
2026-09-22 03:03:48,472 [INFO]   window=4350min threshold=88.0% -> 22469 signals, win_rate=53.4%, Wilson lower bound=52.4% (at 99.79% confidence)
2026-09-22 03:05:17,626 [INFO]   window=8700min threshold=31.0% -> only 3 signals, skipping (need >=10)
2026-09-22 03:06:47,578 [INFO]   window=8700min threshold=62.0% -> 20852 signals, win_rate=85.1%, Wilson lower bound=84.3% (at 99.79% confidence)
2026-09-22 03:08:17,333 [INFO]   window=8700min threshold=93.0% -> 19848 signals, win_rate=55.9%, Wilson lower bound=54.8% (at 99.79% confidence)
2026-09-22 03:09:46,828 [INFO]   window=8700min threshold=100.0% -> 20519 signals, win_rate=49.9%, Wilson lower bound=48.9% (at 99.79% confidence)
2026-09-22 03:09:46,829 [INFO] CRUDEOILM: selected window=870min threshold=10.0% (Wilson lower bound 86.3%)
2026-09-22 03:09:51,290 [INFO] CRUDEOILM: wrote C:\AUTOBATAIML\data\model_results_CRUDEOILM.json
2026-09-22 20:23:43,590 [INFO] === NIFTY: starting Phase 2 search ===
2026-09-22 20:25:10,590 [INFO]   window=15min threshold=1.0% -> 30890 signals, win_rate=73.1%, Wilson lower bound=72.3% (at 99.75% confidence)
2026-09-22 20:26:35,846 [INFO]   window=15min threshold=2.0% -> 13704 signals, win_rate=60.2%, Wilson lower bound=58.9% (at 99.75% confidence)
2026-09-22 20:27:56,624 [INFO]   window=15min threshold=2.5% -> 11284 signals, win_rate=55.2%, Wilson lower bound=53.8% (at 99.75% confidence)
2026-09-22 20:29:17,015 [INFO]   window=15min threshold=3.5% -> 7125 signals, win_rate=47.8%, Wilson lower bound=46.0% (at 99.75% confidence)
2026-09-22 20:30:37,342 [INFO]   window=60min threshold=2.0% -> 13673 signals, win_rate=76.9%, Wilson lower bound=75.8% (at 99.75% confidence)
2026-09-22 20:32:01,696 [INFO]   window=60min threshold=3.5% -> 10196 signals, win_rate=66.0%, Wilson lower bound=64.5% (at 99.75% confidence)
2026-09-22 20:33:21,595 [INFO]   window=60min threshold=5.0% -> 8521 signals, win_rate=54.7%, Wilson lower bound=53.0% (at 99.75% confidence)
2026-09-22 20:34:40,870 [INFO]   window=60min threshold=7.0% -> 7322 signals, win_rate=43.1%, Wilson lower bound=41.3% (at 99.75% confidence)
2026-09-22 20:35:58,358 [INFO]   window=180min threshold=3.0% -> 14820 signals, win_rate=77.8%, Wilson lower bound=76.7% (at 99.75% confidence)
2026-09-22 20:37:16,499 [INFO]   window=180min threshold=6.0% -> 14664 signals, win_rate=59.7%, Wilson lower bound=58.5% (at 99.75% confidence)
2026-09-22 20:38:34,731 [INFO]   window=180min threshold=9.0% -> 14044 signals, win_rate=45.6%, Wilson lower bound=44.4% (at 99.75% confidence)
2026-09-22 20:39:53,042 [INFO]   window=180min threshold=12.0% -> 13759 signals, win_rate=34.1%, Wilson lower bound=32.9% (at 99.75% confidence)
2026-09-22 20:41:07,990 [INFO]   window=375min threshold=4.0% -> 14619 signals, win_rate=76.4%, Wilson lower bound=75.3% (at 99.75% confidence)
2026-09-22 20:42:23,164 [INFO]   window=375min threshold=8.5% -> 13930 signals, win_rate=58.3%, Wilson lower bound=57.0% (at 99.75% confidence)
2026-09-22 20:43:37,563 [INFO]   window=375min threshold=13.0% -> 13395 signals, win_rate=42.8%, Wilson lower bound=41.5% (at 99.75% confidence)
2026-09-22 20:44:51,834 [INFO]   window=375min threshold=17.0% -> 12590 signals, win_rate=31.7%, Wilson lower bound=30.5% (at 99.75% confidence)
2026-09-22 20:46:06,157 [INFO]   window=750min threshold=6.0% -> 14793 signals, win_rate=66.8%, Wilson lower bound=65.6% (at 99.75% confidence)
2026-09-22 20:47:20,500 [INFO]   window=750min threshold=12.0% -> 13745 signals, win_rate=46.0%, Wilson lower bound=44.8% (at 99.75% confidence)
2026-09-22 20:48:35,140 [INFO]   window=750min threshold=18.0% -> 12526 signals, win_rate=29.3%, Wilson lower bound=28.1% (at 99.75% confidence)
2026-09-22 20:49:42,611 [INFO]   window=750min threshold=24.0% -> 12863 signals, win_rate=17.2%, Wilson lower bound=16.3% (at 99.75% confidence)
2026-09-22 20:49:42,611 [INFO] NIFTY: selected window=180min threshold=3.0% (Wilson lower bound 76.7%)
2026-09-22 20:49:45,314 [INFO] NIFTY: wrote C:\AUTOBATAIML\data\model_results_NIFTY.json
2026-09-22 20:49:45,422 [INFO] === CRUDEOILM: starting Phase 2 search ===
2026-09-22 20:52:25,341 [INFO]   window=15min threshold=1.5% -> 99518 signals, win_rate=46.5%, Wilson lower bound=46.1% (at 99.79% confidence)
2026-09-22 20:55:27,472 [INFO]   window=15min threshold=2.5% -> 84388 signals, win_rate=25.8%, Wilson lower bound=25.3% (at 99.79% confidence)
2026-09-22 20:58:23,204 [INFO]   window=15min threshold=4.0% -> 78586 signals, win_rate=9.5%, Wilson lower bound=9.2% (at 99.79% confidence)
2026-09-22 21:01:25,416 [INFO]   window=15min threshold=5.0% -> 78557 signals, win_rate=5.2%, Wilson lower bound=4.9% (at 99.79% confidence)
2026-09-22 21:04:27,860 [INFO]   window=60min threshold=2.5% -> 128120 signals, win_rate=55.3%, Wilson lower bound=54.9% (at 99.79% confidence)
2026-09-22 21:07:29,611 [INFO]   window=60min threshold=5.0% -> 78670 signals, win_rate=27.3%, Wilson lower bound=26.8% (at 99.79% confidence)
2026-09-22 21:10:30,939 [INFO]   window=60min threshold=8.0% -> 78666 signals, win_rate=9.8%, Wilson lower bound=9.5% (at 99.79% confidence)
2026-09-22 21:13:33,808 [INFO]   window=60min threshold=10.0% -> 59941 signals, win_rate=3.9%, Wilson lower bound=3.6% (at 99.79% confidence)
2026-09-22 21:16:26,642 [INFO]   window=870min threshold=10.0% -> 32542 signals, win_rate=71.9%, Wilson lower bound=71.1% (at 99.79% confidence)
2026-09-22 21:19:20,510 [INFO]   window=870min threshold=20.0% -> 24296 signals, win_rate=81.0%, Wilson lower bound=80.2% (at 99.79% confidence)
2026-09-22 21:22:16,429 [INFO]   window=870min threshold=30.0% -> 2213 signals, win_rate=51.5%, Wilson lower bound=48.2% (at 99.79% confidence)
2026-09-22 21:25:09,971 [INFO]   window=870min threshold=40.0% -> 2238 signals, win_rate=50.1%, Wilson lower bound=46.9% (at 99.79% confidence)
2026-09-22 21:27:49,716 [INFO]   window=2610min threshold=17.0% -> 2212 signals, win_rate=61.9%, Wilson lower bound=58.7% (at 99.79% confidence)
2026-09-22 21:30:28,647 [INFO]   window=2610min threshold=34.0% -> 1515 signals, win_rate=50.3%, Wilson lower bound=46.4% (at 99.79% confidence)
2026-09-22 21:33:08,830 [INFO]   window=2610min threshold=51.0% -> 23246 signals, win_rate=59.8%, Wilson lower bound=58.8% (at 99.79% confidence)
2026-09-22 21:35:47,649 [INFO]   window=2610min threshold=68.0% -> 24293 signals, win_rate=46.0%, Wilson lower bound=45.0% (at 99.79% confidence)
2026-09-22 21:38:29,450 [INFO]   window=4350min threshold=22.0% -> only 2 signals, skipping (need >=10)
2026-09-22 21:41:11,532 [INFO]   window=4350min threshold=44.0% -> 2299 signals, win_rate=76.5%, Wilson lower bound=73.6% (at 99.79% confidence)
2026-09-22 21:43:53,632 [INFO]   window=4350min threshold=66.0% -> 22452 signals, win_rate=77.1%, Wilson lower bound=76.2% (at 99.79% confidence)
2026-09-22 21:46:28,077 [INFO]   window=4350min threshold=88.0% -> 22469 signals, win_rate=53.4%, Wilson lower bound=52.4% (at 99.79% confidence)
2026-09-22 21:48:20,783 [INFO]   window=8700min threshold=31.0% -> only 3 signals, skipping (need >=10)
2026-09-22 21:50:22,790 [INFO]   window=8700min threshold=62.0% -> 22183 signals, win_rate=83.1%, Wilson lower bound=82.3% (at 99.79% confidence)
2026-09-22 21:52:13,252 [INFO]   window=8700min threshold=93.0% -> 20299 signals, win_rate=56.4%, Wilson lower bound=55.3% (at 99.79% confidence)
2026-09-22 21:54:22,589 [INFO]   window=8700min threshold=100.0% -> 21266 signals, win_rate=50.4%, Wilson lower bound=49.4% (at 99.79% confidence)
2026-09-22 21:54:22,590 [INFO] CRUDEOILM: selected window=8700min threshold=62.0% (Wilson lower bound 82.3%)
2026-09-22 21:54:27,235 [INFO] CRUDEOILM: wrote C:\AUTOBATAIML\data\model_results_CRUDEOILM.json
2026-09-22 23:46:04,274 [INFO] === NIFTY: starting Phase 2 search ===
2026-09-22 23:47:29,705 [INFO]   window=15min threshold=1.0% -> 30890 signals, win_rate=73.1%, Wilson lower bound=72.3% (at 99.75% confidence)
2026-09-22 23:48:48,363 [INFO]   window=15min threshold=2.0% -> 13704 signals, win_rate=60.2%, Wilson lower bound=58.9% (at 99.75% confidence)
2026-09-22 23:50:05,421 [INFO]   window=15min threshold=2.5% -> 11284 signals, win_rate=55.2%, Wilson lower bound=53.8% (at 99.75% confidence)
2026-09-22 23:51:25,909 [INFO]   window=15min threshold=3.5% -> 7125 signals, win_rate=47.8%, Wilson lower bound=46.0% (at 99.75% confidence)
2026-09-22 23:52:51,122 [INFO]   window=60min threshold=2.0% -> 13673 signals, win_rate=76.9%, Wilson lower bound=75.8% (at 99.75% confidence)
2026-09-22 23:54:08,417 [INFO]   window=60min threshold=3.5% -> 10196 signals, win_rate=66.0%, Wilson lower bound=64.5% (at 99.75% confidence)
2026-09-22 23:55:26,103 [INFO]   window=60min threshold=5.0% -> 8521 signals, win_rate=54.7%, Wilson lower bound=53.0% (at 99.75% confidence)
2026-09-22 23:56:44,424 [INFO]   window=60min threshold=7.0% -> 7322 signals, win_rate=43.1%, Wilson lower bound=41.3% (at 99.75% confidence)
2026-09-22 23:58:03,300 [INFO]   window=180min threshold=3.0% -> 14820 signals, win_rate=77.8%, Wilson lower bound=76.7% (at 99.75% confidence)
2026-09-22 23:59:18,668 [INFO]   window=180min threshold=6.0% -> 14664 signals, win_rate=59.7%, Wilson lower bound=58.5% (at 99.75% confidence)
2026-09-23 00:00:34,711 [INFO]   window=180min threshold=9.0% -> 14044 signals, win_rate=45.6%, Wilson lower bound=44.4% (at 99.75% confidence)
2026-09-23 00:01:50,511 [INFO]   window=180min threshold=12.0% -> 13759 signals, win_rate=34.1%, Wilson lower bound=32.9% (at 99.75% confidence)
2026-09-23 00:03:06,108 [INFO]   window=375min threshold=4.0% -> 14619 signals, win_rate=76.4%, Wilson lower bound=75.3% (at 99.75% confidence)
2026-09-23 00:04:20,826 [INFO]   window=375min threshold=8.5% -> 13930 signals, win_rate=58.3%, Wilson lower bound=57.0% (at 99.75% confidence)
2026-09-23 00:05:27,938 [INFO]   window=375min threshold=13.0% -> 13395 signals, win_rate=42.8%, Wilson lower bound=41.5% (at 99.75% confidence)
2026-09-23 00:06:41,750 [INFO]   window=375min threshold=17.0% -> 12590 signals, win_rate=31.7%, Wilson lower bound=30.5% (at 99.75% confidence)
2026-09-23 00:07:47,080 [INFO]   window=750min threshold=6.0% -> 14793 signals, win_rate=66.8%, Wilson lower bound=65.6% (at 99.75% confidence)
2026-09-23 00:08:56,939 [INFO]   window=750min threshold=12.0% -> 13745 signals, win_rate=46.0%, Wilson lower bound=44.8% (at 99.75% confidence)
2026-09-23 00:10:11,956 [INFO]   window=750min threshold=18.0% -> 12526 signals, win_rate=29.3%, Wilson lower bound=28.1% (at 99.75% confidence)
2026-09-23 00:11:36,654 [INFO]   window=750min threshold=24.0% -> 12863 signals, win_rate=17.2%, Wilson lower bound=16.3% (at 99.75% confidence)
2026-09-23 00:11:36,655 [INFO] NIFTY: selected window=180min threshold=3.0% (Wilson lower bound 76.7%)
2026-09-23 00:11:39,495 [INFO] NIFTY: wrote C:\AUTOBATAIML\data\model_results_NIFTY.json
2026-09-23 00:11:39,635 [INFO] === CRUDEOILM: starting Phase 2 search ===
2026-09-23 00:15:06,439 [INFO]   window=15min threshold=1.5% -> 103538 signals, win_rate=46.2%, Wilson lower bound=45.7% (at 99.79% confidence)
2026-09-23 00:18:01,669 [INFO]   window=15min threshold=2.5% -> 84388 signals, win_rate=25.8%, Wilson lower bound=25.3% (at 99.79% confidence)
2026-09-23 00:20:54,508 [INFO]   window=15min threshold=4.0% -> 78586 signals, win_rate=9.5%, Wilson lower bound=9.2% (at 99.79% confidence)
2026-09-23 00:23:45,203 [INFO]   window=15min threshold=5.0% -> 78557 signals, win_rate=5.2%, Wilson lower bound=4.9% (at 99.79% confidence)
2026-09-23 00:26:34,737 [INFO]   window=60min threshold=2.5% -> 136697 signals, win_rate=55.6%, Wilson lower bound=55.2% (at 99.79% confidence)
2026-09-23 00:29:25,587 [INFO]   window=60min threshold=5.0% -> 78670 signals, win_rate=27.3%, Wilson lower bound=26.8% (at 99.79% confidence)
2026-09-23 00:32:12,989 [INFO]   window=60min threshold=8.0% -> 78666 signals, win_rate=9.8%, Wilson lower bound=9.5% (at 99.79% confidence)
2026-09-23 00:35:05,205 [INFO]   window=60min threshold=10.0% -> 59941 signals, win_rate=3.9%, Wilson lower bound=3.6% (at 99.79% confidence)
2026-09-23 00:38:01,500 [INFO]   window=870min threshold=10.0% -> 32542 signals, win_rate=71.9%, Wilson lower bound=71.1% (at 99.79% confidence)
2026-09-23 00:40:58,492 [INFO]   window=870min threshold=20.0% -> 24296 signals, win_rate=81.0%, Wilson lower bound=80.2% (at 99.79% confidence)
2026-09-23 00:44:00,035 [INFO]   window=870min threshold=30.0% -> 2213 signals, win_rate=51.5%, Wilson lower bound=48.2% (at 99.79% confidence)
2026-09-23 00:46:49,975 [INFO]   window=870min threshold=40.0% -> 2238 signals, win_rate=50.1%, Wilson lower bound=46.9% (at 99.79% confidence)
2026-09-23 00:49:56,774 [INFO]   window=2610min threshold=17.0% -> 2212 signals, win_rate=61.9%, Wilson lower bound=58.7% (at 99.79% confidence)
2026-09-23 00:53:15,061 [INFO]   window=2610min threshold=34.0% -> 1515 signals, win_rate=50.3%, Wilson lower bound=46.4% (at 99.79% confidence)
2026-09-23 00:56:06,706 [INFO]   window=2610min threshold=51.0% -> 23246 signals, win_rate=59.8%, Wilson lower bound=58.8% (at 99.79% confidence)
2026-09-23 00:59:11,241 [INFO]   window=2610min threshold=68.0% -> 24293 signals, win_rate=46.0%, Wilson lower bound=45.0% (at 99.79% confidence)
2026-09-23 01:02:00,607 [INFO]   window=4350min threshold=22.0% -> only 2 signals, skipping (need >=10)
2026-09-23 01:04:51,269 [INFO]   window=4350min threshold=44.0% -> 2299 signals, win_rate=76.5%, Wilson lower bound=73.6% (at 99.79% confidence)
2026-09-23 01:07:34,779 [INFO]   window=4350min threshold=66.0% -> 22452 signals, win_rate=77.1%, Wilson lower bound=76.2% (at 99.79% confidence)
2026-09-23 01:10:20,189 [INFO]   window=4350min threshold=88.0% -> 22469 signals, win_rate=53.4%, Wilson lower bound=52.4% (at 99.79% confidence)
2026-09-23 01:12:30,109 [INFO]   window=8700min threshold=31.0% -> only 3 signals, skipping (need >=10)
2026-09-23 01:14:37,919 [INFO]   window=8700min threshold=62.0% -> 22183 signals, win_rate=83.1%, Wilson lower bound=82.3% (at 99.79% confidence)
2026-09-23 01:16:42,787 [INFO]   window=8700min threshold=93.0% -> 20299 signals, win_rate=56.4%, Wilson lower bound=55.3% (at 99.79% confidence)
2026-09-23 01:18:45,587 [INFO]   window=8700min threshold=100.0% -> 21266 signals, win_rate=50.4%, Wilson lower bound=49.4% (at 99.79% confidence)
2026-09-23 01:18:45,590 [INFO] CRUDEOILM: selected window=8700min threshold=62.0% (Wilson lower bound 82.3%)
2026-09-23 01:18:49,852 [INFO] CRUDEOILM: wrote C:\AUTOBATAIML\data\model_results_CRUDEOILM.json
2026-09-23 01:23:37,427 [INFO] === NIFTY: starting Phase 2 search ===
2026-09-23 01:25:08,015 [INFO]   window=15min threshold=1.0% -> 30890 signals, win_rate=73.1%, Wilson lower bound=72.3% (at 99.75% confidence)
2026-09-23 01:26:21,825 [INFO]   window=15min threshold=2.0% -> 13704 signals, win_rate=60.2%, Wilson lower bound=58.9% (at 99.75% confidence)
2026-09-23 01:27:36,406 [INFO]   window=15min threshold=2.5% -> 11284 signals, win_rate=55.2%, Wilson lower bound=53.8% (at 99.75% confidence)
2026-09-23 01:29:03,185 [INFO]   window=15min threshold=3.5% -> 7125 signals, win_rate=47.8%, Wilson lower bound=46.0% (at 99.75% confidence)
2026-09-23 01:30:11,580 [INFO]   window=60min threshold=2.0% -> 13673 signals, win_rate=76.9%, Wilson lower bound=75.8% (at 99.75% confidence)
2026-09-23 01:31:19,918 [INFO]   window=60min threshold=3.5% -> 10196 signals, win_rate=66.0%, Wilson lower bound=64.5% (at 99.75% confidence)
2026-09-23 01:32:31,232 [INFO]   window=60min threshold=5.0% -> 8521 signals, win_rate=54.7%, Wilson lower bound=53.0% (at 99.75% confidence)
2026-09-23 01:33:40,130 [INFO]   window=60min threshold=7.0% -> 7322 signals, win_rate=43.1%, Wilson lower bound=41.3% (at 99.75% confidence)
2026-09-23 01:34:47,138 [INFO]   window=180min threshold=3.0% -> 14820 signals, win_rate=77.8%, Wilson lower bound=76.7% (at 99.75% confidence)
2026-09-23 01:36:19,658 [INFO]   window=180min threshold=6.0% -> 14664 signals, win_rate=59.7%, Wilson lower bound=58.5% (at 99.75% confidence)
2026-09-23 01:37:33,177 [INFO]   window=180min threshold=9.0% -> 14044 signals, win_rate=45.6%, Wilson lower bound=44.4% (at 99.75% confidence)
2026-09-23 01:38:40,609 [INFO]   window=180min threshold=12.0% -> 13759 signals, win_rate=34.1%, Wilson lower bound=32.9% (at 99.75% confidence)
2026-09-23 01:39:44,744 [INFO]   window=375min threshold=4.0% -> 14619 signals, win_rate=76.4%, Wilson lower bound=75.3% (at 99.75% confidence)
2026-09-23 01:40:55,011 [INFO]   window=375min threshold=8.5% -> 13930 signals, win_rate=58.3%, Wilson lower bound=57.0% (at 99.75% confidence)
2026-09-23 01:42:16,141 [INFO]   window=375min threshold=13.0% -> 13395 signals, win_rate=42.8%, Wilson lower bound=41.5% (at 99.75% confidence)
2026-09-23 01:43:32,772 [INFO]   window=375min threshold=17.0% -> 12590 signals, win_rate=31.7%, Wilson lower bound=30.5% (at 99.75% confidence)
2026-09-23 01:44:49,343 [INFO]   window=750min threshold=6.0% -> 14793 signals, win_rate=66.8%, Wilson lower bound=65.6% (at 99.75% confidence)
2026-09-23 01:46:23,831 [INFO]   window=750min threshold=12.0% -> 13745 signals, win_rate=46.0%, Wilson lower bound=44.8% (at 99.75% confidence)
2026-09-23 01:47:42,515 [INFO]   window=750min threshold=18.0% -> 12526 signals, win_rate=29.3%, Wilson lower bound=28.1% (at 99.75% confidence)
2026-09-23 01:49:00,404 [INFO]   window=750min threshold=24.0% -> 12863 signals, win_rate=17.2%, Wilson lower bound=16.3% (at 99.75% confidence)
2026-09-23 01:49:00,508 [INFO] NIFTY: selected window=180min threshold=3.0% (Wilson lower bound 76.7%)
2026-09-23 01:49:04,156 [INFO] NIFTY: wrote C:\AUTOBATAIML\data\model_results_NIFTY.json
2026-09-23 01:49:04,860 [INFO] === CRUDEOILM: starting Phase 2 search ===
2026-09-23 01:52:10,863 [INFO]   window=15min threshold=1.5% -> 103538 signals, win_rate=46.2%, Wilson lower bound=45.7% (at 99.79% confidence)
2026-09-23 01:55:04,805 [INFO]   window=15min threshold=2.5% -> 84388 signals, win_rate=25.8%, Wilson lower bound=25.3% (at 99.79% confidence)
2026-09-23 01:57:44,146 [INFO]   window=15min threshold=4.0% -> 78586 signals, win_rate=9.5%, Wilson lower bound=9.2% (at 99.79% confidence)
2026-09-23 02:00:24,412 [INFO]   window=15min threshold=5.0% -> 78557 signals, win_rate=5.2%, Wilson lower bound=4.9% (at 99.79% confidence)
2026-09-23 02:03:02,702 [INFO]   window=60min threshold=2.5% -> 136697 signals, win_rate=55.6%, Wilson lower bound=55.2% (at 99.79% confidence)
2026-09-23 02:05:41,776 [INFO]   window=60min threshold=5.0% -> 78670 signals, win_rate=27.3%, Wilson lower bound=26.8% (at 99.79% confidence)
2026-09-23 02:08:21,253 [INFO]   window=60min threshold=8.0% -> 78666 signals, win_rate=9.8%, Wilson lower bound=9.5% (at 99.79% confidence)
2026-09-23 02:11:00,045 [INFO]   window=60min threshold=10.0% -> 59941 signals, win_rate=3.9%, Wilson lower bound=3.6% (at 99.79% confidence)
2026-09-23 02:13:29,074 [INFO]   window=870min threshold=10.0% -> 32542 signals, win_rate=71.9%, Wilson lower bound=71.1% (at 99.79% confidence)
2026-09-23 02:15:58,659 [INFO]   window=870min threshold=20.0% -> 24296 signals, win_rate=81.0%, Wilson lower bound=80.2% (at 99.79% confidence)
2026-09-23 02:18:27,349 [INFO]   window=870min threshold=30.0% -> 2213 signals, win_rate=51.5%, Wilson lower bound=48.2% (at 99.79% confidence)
2026-09-23 02:20:56,023 [INFO]   window=870min threshold=40.0% -> 2238 signals, win_rate=50.1%, Wilson lower bound=46.9% (at 99.79% confidence)
2026-09-23 02:23:15,961 [INFO]   window=2610min threshold=17.0% -> 2212 signals, win_rate=61.9%, Wilson lower bound=58.7% (at 99.79% confidence)
2026-09-23 02:25:32,622 [INFO]   window=2610min threshold=34.0% -> 1515 signals, win_rate=50.3%, Wilson lower bound=46.4% (at 99.79% confidence)
2026-09-23 02:28:22,443 [INFO]   window=2610min threshold=51.0% -> 23246 signals, win_rate=59.8%, Wilson lower bound=58.8% (at 99.79% confidence)
2026-09-23 02:30:53,906 [INFO]   window=2610min threshold=68.0% -> 24293 signals, win_rate=46.0%, Wilson lower bound=45.0% (at 99.79% confidence)
2026-09-23 02:33:20,617 [INFO]   window=4350min threshold=22.0% -> only 2 signals, skipping (need >=10)
2026-09-23 02:35:53,620 [INFO]   window=4350min threshold=44.0% -> 2299 signals, win_rate=76.5%, Wilson lower bound=73.6% (at 99.79% confidence)
2026-09-23 02:38:19,216 [INFO]   window=4350min threshold=66.0% -> 22452 signals, win_rate=77.1%, Wilson lower bound=76.2% (at 99.79% confidence)
2026-09-23 02:41:00,274 [INFO]   window=4350min threshold=88.0% -> 22469 signals, win_rate=53.4%, Wilson lower bound=52.4% (at 99.79% confidence)
2026-09-23 02:42:54,017 [INFO]   window=8700min threshold=31.0% -> only 3 signals, skipping (need >=10)
2026-09-23 02:44:49,528 [INFO]   window=8700min threshold=62.0% -> 22183 signals, win_rate=83.1%, Wilson lower bound=82.3% (at 99.79% confidence)
2026-09-23 02:46:43,033 [INFO]   window=8700min threshold=93.0% -> 20299 signals, win_rate=56.4%, Wilson lower bound=55.3% (at 99.79% confidence)
2026-09-23 02:48:37,270 [INFO]   window=8700min threshold=100.0% -> 21266 signals, win_rate=50.4%, Wilson lower bound=49.4% (at 99.79% confidence)
2026-09-23 02:48:37,270 [INFO] CRUDEOILM: selected window=8700min threshold=62.0% (Wilson lower bound 82.3%)
2026-09-23 02:48:41,398 [INFO] CRUDEOILM: wrote C:\AUTOBATAIML\data\model_results_CRUDEOILM.json
2026-09-23 10:58:25,815 [INFO] === NIFTY: starting Phase 2 search ===
2026-09-23 10:59:47,530 [INFO]   window=15min threshold=1.0% -> 35201 signals, win_rate=73.2%, Wilson lower bound=72.5% (at 99.75% confidence)
2026-09-23 11:01:26,402 [INFO]   window=15min threshold=2.0% -> 18015 signals, win_rate=60.6%, Wilson lower bound=59.5% (at 99.75% confidence)
2026-09-23 11:02:52,296 [INFO]   window=15min threshold=2.5% -> 15399 signals, win_rate=55.8%, Wilson lower bound=54.6% (at 99.75% confidence)
2026-09-23 11:04:19,539 [INFO]   window=15min threshold=3.5% -> 9757 signals, win_rate=49.5%, Wilson lower bound=48.0% (at 99.75% confidence)
2026-09-23 11:05:52,048 [INFO]   window=60min threshold=2.0% -> 15750 signals, win_rate=78.2%, Wilson lower bound=77.2% (at 99.75% confidence)
2026-09-23 11:07:18,692 [INFO]   window=60min threshold=3.5% -> 12273 signals, win_rate=68.5%, Wilson lower bound=67.2% (at 99.75% confidence)
2026-09-23 11:08:48,224 [INFO]   window=60min threshold=5.0% -> 10397 signals, win_rate=57.9%, Wilson lower bound=56.5% (at 99.75% confidence)
2026-09-23 11:10:13,665 [INFO]   window=60min threshold=7.0% -> 8640 signals, win_rate=46.2%, Wilson lower bound=44.6% (at 99.75% confidence)
2026-09-23 11:11:38,874 [INFO]   window=180min threshold=3.0% -> 14820 signals, win_rate=77.8%, Wilson lower bound=76.7% (at 99.75% confidence)
2026-09-23 11:12:48,901 [INFO]   window=180min threshold=6.0% -> 14664 signals, win_rate=59.7%, Wilson lower bound=58.5% (at 99.75% confidence)
2026-09-23 11:14:12,305 [INFO]   window=180min threshold=9.0% -> 14044 signals, win_rate=45.6%, Wilson lower bound=44.4% (at 99.75% confidence)
2026-09-23 11:15:36,065 [INFO]   window=180min threshold=12.0% -> 13759 signals, win_rate=34.1%, Wilson lower bound=32.9% (at 99.75% confidence)
2026-09-23 11:17:01,618 [INFO]   window=375min threshold=4.0% -> 14619 signals, win_rate=76.4%, Wilson lower bound=75.3% (at 99.75% confidence)
2026-09-23 11:18:27,730 [INFO]   window=375min threshold=8.5% -> 13930 signals, win_rate=58.3%, Wilson lower bound=57.0% (at 99.75% confidence)
2026-09-23 11:19:52,163 [INFO]   window=375min threshold=13.0% -> 13395 signals, win_rate=42.8%, Wilson lower bound=41.5% (at 99.75% confidence)
2026-09-23 11:21:17,596 [INFO]   window=375min threshold=17.0% -> 12590 signals, win_rate=31.7%, Wilson lower bound=30.5% (at 99.75% confidence)
2026-09-23 11:22:42,231 [INFO]   window=750min threshold=6.0% -> 14793 signals, win_rate=66.8%, Wilson lower bound=65.6% (at 99.75% confidence)
2026-09-23 11:24:07,004 [INFO]   window=750min threshold=12.0% -> 13745 signals, win_rate=46.0%, Wilson lower bound=44.8% (at 99.75% confidence)
2026-09-23 11:25:30,833 [INFO]   window=750min threshold=18.0% -> 12526 signals, win_rate=29.3%, Wilson lower bound=28.1% (at 99.75% confidence)
2026-09-23 11:26:56,187 [INFO]   window=750min threshold=24.0% -> 12863 signals, win_rate=17.2%, Wilson lower bound=16.3% (at 99.75% confidence)
2026-09-23 11:26:56,188 [INFO] NIFTY: selected window=60min threshold=2.0% (Wilson lower bound 77.2%)
2026-09-23 11:26:59,519 [INFO] NIFTY: wrote C:\AUTOBATAIML\data\model_results_NIFTY.json
2026-09-23 11:26:59,660 [INFO] === CRUDEOILM: starting Phase 2 search ===
2026-09-23 11:30:14,411 [INFO]   window=15min threshold=1.5% -> 103953 signals, win_rate=46.1%, Wilson lower bound=45.6% (at 99.79% confidence)
2026-09-23 11:33:23,832 [INFO]   window=15min threshold=2.5% -> 84388 signals, win_rate=25.8%, Wilson lower bound=25.3% (at 99.79% confidence)
2026-09-23 11:36:07,322 [INFO]   window=15min threshold=4.0% -> 78586 signals, win_rate=9.5%, Wilson lower bound=9.2% (at 99.79% confidence)
2026-09-23 11:38:53,518 [INFO]   window=15min threshold=5.0% -> 78557 signals, win_rate=5.2%, Wilson lower bound=4.9% (at 99.79% confidence)
2026-09-23 11:41:36,350 [INFO]   window=60min threshold=2.5% -> 141958 signals, win_rate=55.3%, Wilson lower bound=54.9% (at 99.79% confidence)
2026-09-23 11:44:20,131 [INFO]   window=60min threshold=5.0% -> 78670 signals, win_rate=27.3%, Wilson lower bound=26.8% (at 99.79% confidence)
2026-09-23 11:47:03,619 [INFO]   window=60min threshold=8.0% -> 78666 signals, win_rate=9.8%, Wilson lower bound=9.5% (at 99.79% confidence)
2026-09-23 11:49:47,595 [INFO]   window=60min threshold=10.0% -> 59941 signals, win_rate=3.9%, Wilson lower bound=3.6% (at 99.79% confidence)
2026-09-23 11:52:28,455 [INFO]   window=870min threshold=10.0% -> 51305 signals, win_rate=65.2%, Wilson lower bound=64.5% (at 99.79% confidence)
2026-09-23 19:24:36,074 [INFO]   window=870min threshold=20.0% -> 33708 signals, win_rate=76.2%, Wilson lower bound=75.4% (at 99.79% confidence)
2026-09-23 19:27:52,812 [INFO]   window=870min threshold=30.0% -> 2256 signals, win_rate=52.4%, Wilson lower bound=49.2% (at 99.79% confidence)
2026-09-23 19:30:58,273 [INFO]   window=870min threshold=40.0% -> 2238 signals, win_rate=50.1%, Wilson lower bound=46.9% (at 99.79% confidence)
2026-09-23 19:33:57,781 [INFO]   window=2610min threshold=17.0% -> 2551 signals, win_rate=53.7%, Wilson lower bound=50.7% (at 99.79% confidence)
2026-09-23 19:36:48,113 [INFO]   window=2610min threshold=34.0% -> 1515 signals, win_rate=50.3%, Wilson lower bound=46.4% (at 99.79% confidence)
2026-09-23 19:39:32,298 [INFO]   window=2610min threshold=51.0% -> 23246 signals, win_rate=59.8%, Wilson lower bound=58.8% (at 99.79% confidence)
2026-09-23 19:42:22,880 [INFO]   window=2610min threshold=68.0% -> 24293 signals, win_rate=46.0%, Wilson lower bound=45.0% (at 99.79% confidence)
2026-09-23 19:45:07,265 [INFO]   window=4350min threshold=22.0% -> only 2 signals, skipping (need >=10)
2026-09-23 19:47:49,618 [INFO]   window=4350min threshold=44.0% -> 2299 signals, win_rate=76.5%, Wilson lower bound=73.6% (at 99.79% confidence)
2026-09-23 19:50:32,992 [INFO]   window=4350min threshold=66.0% -> 22452 signals, win_rate=77.1%, Wilson lower bound=76.2% (at 99.79% confidence)
2026-09-23 19:53:17,294 [INFO]   window=4350min threshold=88.0% -> 22469 signals, win_rate=53.4%, Wilson lower bound=52.4% (at 99.79% confidence)
2026-09-23 19:55:33,882 [INFO]   window=8700min threshold=31.0% -> only 3 signals, skipping (need >=10)
2026-09-23 19:57:50,155 [INFO]   window=8700min threshold=62.0% -> 22183 signals, win_rate=83.1%, Wilson lower bound=82.3% (at 99.79% confidence)
2026-09-23 20:00:06,526 [INFO]   window=8700min threshold=93.0% -> 20299 signals, win_rate=56.4%, Wilson lower bound=55.3% (at 99.79% confidence)
2026-09-23 20:02:21,501 [INFO]   window=8700min threshold=100.0% -> 21266 signals, win_rate=50.4%, Wilson lower bound=49.4% (at 99.79% confidence)
2026-09-23 20:02:21,502 [INFO] CRUDEOILM: selected window=8700min threshold=62.0% (Wilson lower bound 82.3%)
2026-09-23 20:02:26,075 [INFO] CRUDEOILM: wrote C:\AUTOBATAIML\data\model_results_CRUDEOILM.json
2026-09-23 23:46:17,283 [INFO] === NIFTY: starting Phase 2 search ===
2026-09-23 23:47:40,660 [INFO]   window=15min threshold=1.0% -> 48773 signals, win_rate=72.1%, Wilson lower bound=71.5% (at 99.75% confidence)
2026-09-23 23:49:02,240 [INFO]   window=15min threshold=2.0% -> 31196 signals, win_rate=57.7%, Wilson lower bound=56.8% (at 99.75% confidence)
2026-09-23 23:50:24,102 [INFO]   window=15min threshold=2.5% -> 26710 signals, win_rate=52.9%, Wilson lower bound=52.0% (at 99.75% confidence)
2026-09-23 23:51:45,705 [INFO]   window=15min threshold=3.5% -> 15836 signals, win_rate=46.6%, Wilson lower bound=45.4% (at 99.75% confidence)
2026-09-23 23:53:07,255 [INFO]   window=60min threshold=2.0% -> 29324 signals, win_rate=76.0%, Wilson lower bound=75.2% (at 99.75% confidence)
2026-09-23 23:54:29,481 [INFO]   window=60min threshold=3.5% -> 25573 signals, win_rate=64.2%, Wilson lower bound=63.3% (at 99.75% confidence)
2026-09-23 23:55:51,103 [INFO]   window=60min threshold=5.0% -> 20998 signals, win_rate=57.0%, Wilson lower bound=56.0% (at 99.75% confidence)
2026-09-23 23:57:13,087 [INFO]   window=60min threshold=7.0% -> 15513 signals, win_rate=49.7%, Wilson lower bound=48.5% (at 99.75% confidence)
2026-09-23 23:58:34,758 [INFO]   window=180min threshold=3.0% -> 24485 signals, win_rate=75.7%, Wilson lower bound=74.8% (at 99.75% confidence)
2026-09-24 00:00:06,646 [INFO]   window=180min threshold=6.0% -> 23461 signals, win_rate=60.7%, Wilson lower bound=59.8% (at 99.75% confidence)
2026-09-24 00:01:25,199 [INFO]   window=180min threshold=9.0% -> 20410 signals, win_rate=51.8%, Wilson lower bound=50.8% (at 99.75% confidence)
2026-09-24 00:02:47,280 [INFO]   window=180min threshold=12.0% -> 17212 signals, win_rate=42.5%, Wilson lower bound=41.3% (at 99.75% confidence)
2026-09-24 00:04:05,087 [INFO]   window=375min threshold=4.0% -> 14619 signals, win_rate=76.4%, Wilson lower bound=75.3% (at 99.75% confidence)
2026-09-24 00:05:22,607 [INFO]   window=375min threshold=8.5% -> 13930 signals, win_rate=58.3%, Wilson lower bound=57.0% (at 99.75% confidence)
2026-09-24 00:06:40,120 [INFO]   window=375min threshold=13.0% -> 13395 signals, win_rate=42.8%, Wilson lower bound=41.5% (at 99.75% confidence)
2026-09-24 00:08:21,974 [INFO]   window=375min threshold=17.0% -> 12590 signals, win_rate=31.7%, Wilson lower bound=30.5% (at 99.75% confidence)
2026-09-24 00:09:48,878 [INFO]   window=750min threshold=6.0% -> 14793 signals, win_rate=66.8%, Wilson lower bound=65.6% (at 99.75% confidence)
2026-09-24 00:11:18,663 [INFO]   window=750min threshold=12.0% -> 13745 signals, win_rate=46.0%, Wilson lower bound=44.8% (at 99.75% confidence)
2026-09-24 00:12:52,753 [INFO]   window=750min threshold=18.0% -> 12526 signals, win_rate=29.3%, Wilson lower bound=28.1% (at 99.75% confidence)
2026-09-24 00:14:10,917 [INFO]   window=750min threshold=24.0% -> 12863 signals, win_rate=17.2%, Wilson lower bound=16.3% (at 99.75% confidence)
2026-09-24 00:14:10,918 [INFO] NIFTY: selected window=375min threshold=4.0% (Wilson lower bound 75.3%)
2026-09-24 00:14:13,617 [INFO] NIFTY: wrote C:\AUTOBATAIML\data\model_results_NIFTY.json
2026-09-24 00:14:13,772 [INFO] === CRUDEOILM: starting Phase 2 search ===
2026-09-24 00:17:30,184 [INFO]   window=15min threshold=1.5% -> 109541 signals, win_rate=46.6%, Wilson lower bound=46.2% (at 99.79% confidence)
2026-09-24 00:20:43,317 [INFO]   window=15min threshold=2.5% -> 84389 signals, win_rate=25.8%, Wilson lower bound=25.3% (at 99.79% confidence)
2026-09-24 00:23:53,377 [INFO]   window=15min threshold=4.0% -> 78586 signals, win_rate=9.5%, Wilson lower bound=9.2% (at 99.79% confidence)
2026-09-24 00:27:14,886 [INFO]   window=15min threshold=5.0% -> 78557 signals, win_rate=5.2%, Wilson lower bound=4.9% (at 99.79% confidence)
2026-09-24 00:30:27,559 [INFO]   window=60min threshold=2.5% -> 177483 signals, win_rate=55.5%, Wilson lower bound=55.1% (at 99.79% confidence)
2026-09-24 00:33:30,695 [INFO]   window=60min threshold=5.0% -> 78690 signals, win_rate=27.3%, Wilson lower bound=26.8% (at 99.79% confidence)
2026-09-24 00:37:04,388 [INFO]   window=60min threshold=8.0% -> 78666 signals, win_rate=9.8%, Wilson lower bound=9.5% (at 99.79% confidence)
2026-09-24 00:40:16,396 [INFO]   window=60min threshold=10.0% -> 59941 signals, win_rate=3.9%, Wilson lower bound=3.6% (at 99.79% confidence)
2026-09-24 00:43:18,212 [INFO]   window=870min threshold=10.0% -> 51339 signals, win_rate=65.2%, Wilson lower bound=64.5% (at 99.79% confidence)
2026-09-24 00:46:45,208 [INFO]   window=870min threshold=20.0% -> 33728 signals, win_rate=76.1%, Wilson lower bound=75.4% (at 99.79% confidence)
2026-09-24 00:50:14,539 [INFO]   window=870min threshold=30.0% -> 2267 signals, win_rate=52.2%, Wilson lower bound=49.0% (at 99.79% confidence)
2026-09-24 00:53:41,873 [INFO]   window=870min threshold=40.0% -> 2239 signals, win_rate=50.1%, Wilson lower bound=46.9% (at 99.79% confidence)
2026-09-24 00:57:17,164 [INFO]   window=2610min threshold=17.0% -> 2551 signals, win_rate=53.7%, Wilson lower bound=50.7% (at 99.79% confidence)
2026-09-24 01:00:10,099 [INFO]   window=2610min threshold=34.0% -> 1515 signals, win_rate=50.3%, Wilson lower bound=46.4% (at 99.79% confidence)
2026-09-24 01:03:04,030 [INFO]   window=2610min threshold=51.0% -> 23246 signals, win_rate=59.8%, Wilson lower bound=58.8% (at 99.79% confidence)
2026-09-24 01:06:13,308 [INFO]   window=2610min threshold=68.0% -> 24293 signals, win_rate=46.0%, Wilson lower bound=45.0% (at 99.79% confidence)
2026-09-24 01:09:42,062 [INFO]   window=4350min threshold=22.0% -> only 2 signals, skipping (need >=10)
2026-09-24 01:12:31,674 [INFO]   window=4350min threshold=44.0% -> 2299 signals, win_rate=76.5%, Wilson lower bound=73.6% (at 99.79% confidence)
2026-09-24 01:15:19,550 [INFO]   window=4350min threshold=66.0% -> 22452 signals, win_rate=77.1%, Wilson lower bound=76.2% (at 99.79% confidence)
2026-09-24 01:17:56,964 [INFO]   window=4350min threshold=88.0% -> 22469 signals, win_rate=53.4%, Wilson lower bound=52.4% (at 99.79% confidence)
2026-09-24 01:20:24,383 [INFO]   window=8700min threshold=31.0% -> only 3 signals, skipping (need >=10)
2026-09-24 01:22:58,141 [INFO]   window=8700min threshold=62.0% -> 22183 signals, win_rate=83.1%, Wilson lower bound=82.3% (at 99.79% confidence)
2026-09-24 01:25:25,482 [INFO]   window=8700min threshold=93.0% -> 20299 signals, win_rate=56.4%, Wilson lower bound=55.3% (at 99.79% confidence)
2026-09-24 01:28:08,444 [INFO]   window=8700min threshold=100.0% -> 21266 signals, win_rate=50.4%, Wilson lower bound=49.4% (at 99.79% confidence)
2026-09-24 01:28:08,445 [INFO] CRUDEOILM: selected window=8700min threshold=62.0% (Wilson lower bound 82.3%)
2026-09-24 01:28:12,643 [INFO] CRUDEOILM: wrote C:\AUTOBATAIML\data\model_results_CRUDEOILM.json
2026-09-24 23:46:27,426 [INFO] === NIFTY: starting Phase 2 search ===
2026-09-24 23:48:09,349 [INFO]   window=15min threshold=1.0% -> 67310 signals, win_rate=71.0%, Wilson lower bound=70.5% (at 99.75% confidence)
2026-09-24 23:49:49,626 [INFO]   window=15min threshold=2.0% -> 44123 signals, win_rate=57.3%, Wilson lower bound=56.6% (at 99.75% confidence)
2026-09-24 23:51:30,048 [INFO]   window=15min threshold=2.5% -> 35047 signals, win_rate=52.6%, Wilson lower bound=51.8% (at 99.75% confidence)
2026-09-24 23:53:12,736 [INFO]   window=15min threshold=3.5% -> 18671 signals, win_rate=46.2%, Wilson lower bound=45.1% (at 99.75% confidence)
2026-09-24 23:55:04,659 [INFO]   window=60min threshold=2.0% -> 47792 signals, win_rate=74.0%, Wilson lower bound=73.4% (at 99.75% confidence)
2026-09-24 23:56:47,796 [INFO]   window=60min threshold=3.5% -> 39479 signals, win_rate=61.4%, Wilson lower bound=60.7% (at 99.75% confidence)
2026-09-24 23:59:37,167 [INFO]   window=60min threshold=5.0% -> 28948 signals, win_rate=52.9%, Wilson lower bound=52.0% (at 99.75% confidence)
2026-09-25 00:01:22,714 [INFO]   window=60min threshold=7.0% -> 19373 signals, win_rate=45.9%, Wilson lower bound=44.8% (at 99.75% confidence)
2026-09-25 00:02:58,776 [INFO]   window=180min threshold=3.0% -> 42057 signals, win_rate=74.5%, Wilson lower bound=73.8% (at 99.75% confidence)
2026-09-25 00:04:37,153 [INFO]   window=180min threshold=6.0% -> 35385 signals, win_rate=57.5%, Wilson lower bound=56.7% (at 99.75% confidence)
2026-09-25 00:24:36,551 [INFO]   window=180min threshold=9.0% -> 27761 signals, win_rate=47.1%, Wilson lower bound=46.2% (at 99.75% confidence)
2026-09-25 00:27:03,834 [INFO]   window=180min threshold=12.0% -> 21491 signals, win_rate=37.4%, Wilson lower bound=36.4% (at 99.75% confidence)
2026-09-25 00:28:46,774 [INFO]   window=375min threshold=4.0% -> 30380 signals, win_rate=71.4%, Wilson lower bound=70.6% (at 99.75% confidence)
2026-09-25 00:30:19,848 [INFO]   window=375min threshold=8.5% -> 22204 signals, win_rate=59.0%, Wilson lower bound=58.0% (at 99.75% confidence)
2026-09-25 00:31:56,241 [INFO]   window=375min threshold=13.0% -> 16991 signals, win_rate=48.1%, Wilson lower bound=47.0% (at 99.75% confidence)
2026-09-25 00:33:31,854 [INFO]   window=375min threshold=17.0% -> 14586 signals, win_rate=36.5%, Wilson lower bound=35.3% (at 99.75% confidence)
2026-09-25 01:00:34,971 [INFO]   window=750min threshold=6.0% -> 26877 signals, win_rate=63.7%, Wilson lower bound=62.8% (at 99.75% confidence)
2026-09-25 01:15:32,410 [INFO]   window=750min threshold=12.0% -> 18015 signals, win_rate=50.8%, Wilson lower bound=49.6% (at 99.75% confidence)
2026-09-25 01:26:19,871 [INFO]   window=750min threshold=18.0% -> 14158 signals, win_rate=33.6%, Wilson lower bound=32.4% (at 99.75% confidence)
2026-09-25 01:37:28,335 [INFO]   window=750min threshold=24.0% -> 13201 signals, win_rate=18.4%, Wilson lower bound=17.4% (at 99.75% confidence)
2026-09-25 01:37:28,672 [INFO] NIFTY: selected window=180min threshold=3.0% (Wilson lower bound 73.8%)
2026-09-25 01:38:24,153 [INFO] NIFTY: wrote C:\AUTOBATAIML\data\model_results_NIFTY.json
2026-09-25 01:38:52,253 [INFO] === CRUDEOILM: starting Phase 2 search ===
2026-09-25 02:15:40,622 [INFO]   window=15min threshold=1.5% -> 114516 signals, win_rate=47.5%, Wilson lower bound=47.1% (at 99.79% confidence)
2026-09-25 02:19:49,142 [INFO]   window=15min threshold=2.5% -> 84389 signals, win_rate=25.8%, Wilson lower bound=25.3% (at 99.79% confidence)
2026-09-25 02:23:48,848 [INFO]   window=15min threshold=4.0% -> 78586 signals, win_rate=9.5%, Wilson lower bound=9.2% (at 99.79% confidence)
2026-09-25 02:52:53,328 [INFO]   window=15min threshold=5.0% -> 78557 signals, win_rate=5.2%, Wilson lower bound=4.9% (at 99.79% confidence)
2026-09-25 03:39:45,677 [INFO]   window=60min threshold=2.5% -> 216674 signals, win_rate=55.3%, Wilson lower bound=55.0% (at 99.79% confidence)
2026-09-25 04:00:41,702 [INFO]   window=60min threshold=5.0% -> 79678 signals, win_rate=28.1%, Wilson lower bound=27.6% (at 99.79% confidence)
2026-09-25 04:05:04,592 [INFO]   window=60min threshold=8.0% -> 78666 signals, win_rate=9.8%, Wilson lower bound=9.5% (at 99.79% confidence)
2026-09-25 04:08:46,588 [INFO]   window=60min threshold=10.0% -> 59941 signals, win_rate=3.9%, Wilson lower bound=3.6% (at 99.79% confidence)
2026-09-25 04:12:08,501 [INFO]   window=870min threshold=10.0% -> 69593 signals, win_rate=55.0%, Wilson lower bound=54.4% (at 99.79% confidence)
2026-09-25 04:15:34,461 [INFO]   window=870min threshold=20.0% -> 39139 signals, win_rate=65.6%, Wilson lower bound=64.8% (at 99.79% confidence)
2026-09-25 04:18:56,244 [INFO]   window=870min threshold=30.0% -> 5007 signals, win_rate=23.6%, Wilson lower bound=21.8% (at 99.79% confidence)
2026-09-25 04:22:19,815 [INFO]   window=870min threshold=40.0% -> 2245 signals, win_rate=50.0%, Wilson lower bound=46.7% (at 99.79% confidence)
2026-09-25 04:25:30,647 [INFO]   window=2610min threshold=17.0% -> 21931 signals, win_rate=69.6%, Wilson lower bound=68.6% (at 99.79% confidence)
2026-09-25 04:28:41,307 [INFO]   window=2610min threshold=34.0% -> 8327 signals, win_rate=67.2%, Wilson lower bound=65.6% (at 99.79% confidence)
2026-09-25 04:31:52,985 [INFO]   window=2610min threshold=51.0% -> 23278 signals, win_rate=59.8%, Wilson lower bound=58.8% (at 99.79% confidence)
2026-09-25 04:35:05,027 [INFO]   window=2610min threshold=68.0% -> 24293 signals, win_rate=46.0%, Wilson lower bound=45.0% (at 99.79% confidence)
2026-09-25 04:38:02,918 [INFO]   window=4350min threshold=22.0% -> only 2 signals, skipping (need >=10)
2026-09-25 04:41:01,558 [INFO]   window=4350min threshold=44.0% -> 2299 signals, win_rate=76.5%, Wilson lower bound=73.6% (at 99.79% confidence)
2026-09-25 04:43:59,078 [INFO]   window=4350min threshold=66.0% -> 22452 signals, win_rate=77.1%, Wilson lower bound=76.2% (at 99.79% confidence)
2026-09-25 04:46:56,514 [INFO]   window=4350min threshold=88.0% -> 22469 signals, win_rate=53.4%, Wilson lower bound=52.4% (at 99.79% confidence)
2026-09-25 04:49:41,851 [INFO]   window=8700min threshold=31.0% -> only 3 signals, skipping (need >=10)
2026-09-25 04:52:27,062 [INFO]   window=8700min threshold=62.0% -> 22183 signals, win_rate=83.1%, Wilson lower bound=82.3% (at 99.79% confidence)
2026-09-25 04:55:13,178 [INFO]   window=8700min threshold=93.0% -> 54839 signals, win_rate=25.4%, Wilson lower bound=24.8% (at 99.79% confidence)
2026-09-25 04:57:58,130 [INFO]   window=8700min threshold=100.0% -> 55806 signals, win_rate=22.4%, Wilson lower bound=21.8% (at 99.79% confidence)
2026-09-25 04:57:58,139 [INFO] CRUDEOILM: selected window=8700min threshold=62.0% (Wilson lower bound 82.3%)
2026-09-25 04:58:02,480 [INFO] CRUDEOILM: wrote C:\AUTOBATAIML\data\model_results_CRUDEOILM.json
2026-09-25 14:22:00,292 [INFO] === NIFTY: starting Phase 2 search ===
2026-09-25 14:25:04,080 [INFO]   window=15min threshold=1.0% -> 82049 signals, win_rate=70.9%, Wilson lower bound=70.4% (at 99.75% confidence)
2026-09-25 14:46:09,151 [INFO]   window=15min threshold=2.0% -> 56558 signals, win_rate=58.5%, Wilson lower bound=57.9% (at 99.75% confidence)
2026-09-25 14:55:34,317 [INFO]   window=15min threshold=2.5% -> 44393 signals, win_rate=54.5%, Wilson lower bound=53.8% (at 99.75% confidence)
2026-09-25 14:57:46,391 [INFO]   window=15min threshold=3.5% -> 22766 signals, win_rate=48.3%, Wilson lower bound=47.3% (at 99.75% confidence)
2026-09-25 15:03:45,210 [INFO]   window=60min threshold=2.0% -> 62368 signals, win_rate=74.5%, Wilson lower bound=73.9% (at 99.75% confidence)
2026-09-25 23:47:12,933 [INFO] === NIFTY: starting Phase 2 search ===
2026-09-25 23:51:27,257 [INFO]   window=15min threshold=1.0% -> 85924 signals, win_rate=70.8%, Wilson lower bound=70.3% (at 99.75% confidence)
2026-09-25 23:55:44,061 [INFO]   window=15min threshold=2.0% -> 59464 signals, win_rate=58.6%, Wilson lower bound=58.0% (at 99.75% confidence)
2026-09-26 00:00:25,375 [INFO]   window=15min threshold=2.5% -> 46380 signals, win_rate=54.6%, Wilson lower bound=53.9% (at 99.75% confidence)
2026-09-26 00:05:37,124 [INFO]   window=15min threshold=3.5% -> 23556 signals, win_rate=48.4%, Wilson lower bound=47.4% (at 99.75% confidence)
2026-09-26 00:09:53,447 [INFO]   window=60min threshold=2.0% -> 66195 signals, win_rate=74.4%, Wilson lower bound=73.9% (at 99.75% confidence)
2026-09-26 00:21:10,271 [INFO]   window=60min threshold=3.5% -> 55187 signals, win_rate=63.3%, Wilson lower bound=62.7% (at 99.75% confidence)
2026-09-26 00:34:54,786 [INFO]   window=60min threshold=5.0% -> 38856 signals, win_rate=56.0%, Wilson lower bound=55.2% (at 99.75% confidence)
2026-09-26 00:51:12,374 [INFO]   window=60min threshold=7.0% -> 23736 signals, win_rate=47.9%, Wilson lower bound=47.0% (at 99.75% confidence)
2026-09-26 00:52:59,638 [INFO]   window=180min threshold=3.0% -> 57006 signals, win_rate=76.0%, Wilson lower bound=75.4% (at 99.75% confidence)
2026-09-26 00:54:48,415 [INFO]   window=180min threshold=6.0% -> 45925 signals, win_rate=61.7%, Wilson lower bound=61.0% (at 99.75% confidence)
2026-09-26 00:56:37,587 [INFO]   window=180min threshold=9.0% -> 35701 signals, win_rate=51.8%, Wilson lower bound=51.0% (at 99.75% confidence)
2026-09-26 00:58:25,807 [INFO]   window=180min threshold=12.0% -> 26562 signals, win_rate=41.6%, Wilson lower bound=40.7% (at 99.75% confidence)
2026-09-26 01:00:12,022 [INFO]   window=375min threshold=4.0% -> 43290 signals, win_rate=68.6%, Wilson lower bound=67.9% (at 99.75% confidence)
2026-09-26 01:01:56,777 [INFO]   window=375min threshold=8.5% -> 29004 signals, win_rate=53.1%, Wilson lower bound=52.3% (at 99.75% confidence)
2026-09-26 01:03:42,130 [INFO]   window=375min threshold=13.0% -> 21135 signals, win_rate=41.5%, Wilson lower bound=40.4% (at 99.75% confidence)
2026-09-26 01:05:27,161 [INFO]   window=375min threshold=17.0% -> 17100 signals, win_rate=32.4%, Wilson lower bound=31.3% (at 99.75% confidence)
2026-09-26 01:07:12,121 [INFO]   window=750min threshold=6.0% -> 36118 signals, win_rate=59.7%, Wilson lower bound=58.9% (at 99.75% confidence)
2026-09-26 01:08:57,758 [INFO]   window=750min threshold=12.0% -> 22633 signals, win_rate=44.1%, Wilson lower bound=43.1% (at 99.75% confidence)
2026-09-26 01:10:42,381 [INFO]   window=750min threshold=18.0% -> 16374 signals, win_rate=30.0%, Wilson lower bound=28.9% (at 99.75% confidence)
2026-09-26 01:12:27,183 [INFO]   window=750min threshold=24.0% -> 14299 signals, win_rate=17.3%, Wilson lower bound=16.3% (at 99.75% confidence)
2026-09-26 01:12:27,269 [INFO] NIFTY: selected window=180min threshold=3.0% (Wilson lower bound 75.4%)
2026-09-26 01:12:41,160 [INFO] NIFTY: wrote C:\AUTOBATAIML\data\model_results_NIFTY.json
2026-09-26 01:12:42,170 [INFO] === CRUDEOILM: starting Phase 2 search ===
2026-09-26 01:17:11,481 [INFO]   window=15min threshold=1.5% -> 126296 signals, win_rate=48.4%, Wilson lower bound=48.0% (at 99.79% confidence)
2026-09-26 01:21:28,975 [INFO]   window=15min threshold=2.5% -> 84564 signals, win_rate=25.9%, Wilson lower bound=25.4% (at 99.79% confidence)
2026-09-26 01:25:48,766 [INFO]   window=15min threshold=4.0% -> 78586 signals, win_rate=9.5%, Wilson lower bound=9.2% (at 99.79% confidence)
2026-09-26 01:30:08,958 [INFO]   window=15min threshold=5.0% -> 78557 signals, win_rate=5.2%, Wilson lower bound=4.9% (at 99.79% confidence)
2026-09-26 01:34:18,145 [INFO]   window=60min threshold=2.5% -> 253537 signals, win_rate=54.7%, Wilson lower bound=54.4% (at 99.79% confidence)
2026-09-26 01:39:08,075 [INFO]   window=60min threshold=5.0% -> 82962 signals, win_rate=28.7%, Wilson lower bound=28.2% (at 99.79% confidence)
2026-09-26 01:55:59,250 [INFO]   window=60min threshold=8.0% -> 78828 signals, win_rate=9.9%, Wilson lower bound=9.6% (at 99.79% confidence)
2026-09-26 02:03:26,481 [INFO]   window=60min threshold=10.0% -> 59943 signals, win_rate=3.9%, Wilson lower bound=3.6% (at 99.79% confidence)
2026-09-26 02:13:15,463 [INFO]   window=870min threshold=10.0% -> 77591 signals, win_rate=57.4%, Wilson lower bound=56.9% (at 99.79% confidence)
2026-09-26 02:23:43,764 [INFO]   window=870min threshold=20.0% -> 42846 signals, win_rate=64.0%, Wilson lower bound=63.3% (at 99.79% confidence)
2026-09-26 02:33:15,795 [INFO]   window=870min threshold=30.0% -> 8968 signals, win_rate=25.9%, Wilson lower bound=24.5% (at 99.79% confidence)
2026-09-26 02:38:56,781 [INFO]   window=870min threshold=40.0% -> 2252 signals, win_rate=49.9%, Wilson lower bound=46.6% (at 99.79% confidence)
2026-09-26 02:43:29,921 [INFO]   window=2610min threshold=17.0% -> 44683 signals, win_rate=46.4%, Wilson lower bound=45.7% (at 99.79% confidence)
2026-09-26 02:47:01,590 [INFO]   window=2610min threshold=34.0% -> 8664 signals, win_rate=64.6%, Wilson lower bound=63.0% (at 99.79% confidence)
2026-09-26 02:50:23,642 [INFO]   window=2610min threshold=51.0% -> 23282 signals, win_rate=59.8%, Wilson lower bound=58.8% (at 99.79% confidence)
2026-09-26 02:53:45,501 [INFO]   window=2610min threshold=68.0% -> 24293 signals, win_rate=46.0%, Wilson lower bound=45.0% (at 99.79% confidence)
2026-09-26 02:56:55,210 [INFO]   window=4350min threshold=22.0% -> 26610 signals, win_rate=67.4%, Wilson lower bound=66.5% (at 99.79% confidence)
2026-09-26 03:00:05,450 [INFO]   window=4350min threshold=44.0% -> 18427 signals, win_rate=42.2%, Wilson lower bound=41.1% (at 99.79% confidence)
2026-09-26 03:03:15,058 [INFO]   window=4350min threshold=66.0% -> 23192 signals, win_rate=77.0%, Wilson lower bound=76.1% (at 99.79% confidence)
2026-09-26 03:06:26,042 [INFO]   window=4350min threshold=88.0% -> 22469 signals, win_rate=53.4%, Wilson lower bound=52.4% (at 99.79% confidence)
2026-09-26 03:09:33,537 [INFO]   window=8700min threshold=31.0% -> only 3 signals, skipping (need >=10)
2026-09-26 03:12:19,183 [INFO]   window=8700min threshold=62.0% -> 22183 signals, win_rate=83.1%, Wilson lower bound=82.3% (at 99.79% confidence)
2026-09-26 03:15:06,325 [INFO]   window=8700min threshold=93.0% -> 57630 signals, win_rate=25.0%, Wilson lower bound=24.5% (at 99.79% confidence)
2026-09-26 03:17:52,553 [INFO]   window=8700min threshold=100.0% -> 58597 signals, win_rate=21.8%, Wilson lower bound=21.3% (at 99.79% confidence)
2026-09-26 03:17:52,605 [INFO] CRUDEOILM: selected window=8700min threshold=62.0% (Wilson lower bound 82.3%)
2026-09-26 03:17:58,124 [INFO] CRUDEOILM: wrote C:\AUTOBATAIML\data\model_results_CRUDEOILM.json
2026-09-28 19:10:30,036 [INFO] === NIFTY: starting Phase 2 search ===
2026-09-28 19:12:43,891 [INFO]   window=15min threshold=1.0% -> 96739 signals, win_rate=70.8%, Wilson lower bound=70.4% (at 99.75% confidence)
2026-09-28 19:14:42,882 [INFO]   window=15min threshold=2.0% -> 65195 signals, win_rate=59.1%, Wilson lower bound=58.5% (at 99.75% confidence)
2026-09-28 19:16:42,438 [INFO]   window=15min threshold=2.5% -> 49481 signals, win_rate=55.0%, Wilson lower bound=54.3% (at 99.75% confidence)
2026-09-28 19:18:32,647 [INFO]   window=15min threshold=3.5% -> 24492 signals, win_rate=48.6%, Wilson lower bound=47.7% (at 99.75% confidence)
2026-09-28 19:20:29,644 [INFO]   window=60min threshold=2.0% -> 79660 signals, win_rate=74.1%, Wilson lower bound=73.6% (at 99.75% confidence)
2026-09-28 19:22:37,923 [INFO]   window=60min threshold=3.5% -> 64565 signals, win_rate=63.2%, Wilson lower bound=62.6% (at 99.75% confidence)
2026-09-28 19:24:41,986 [INFO]   window=60min threshold=5.0% -> 42418 signals, win_rate=55.9%, Wilson lower bound=55.2% (at 99.75% confidence)
2026-09-28 19:26:40,942 [INFO]   window=60min threshold=7.0% -> 24450 signals, win_rate=47.8%, Wilson lower bound=46.9% (at 99.75% confidence)
2026-09-28 19:28:55,076 [INFO]   window=180min threshold=3.0% -> 73614 signals, win_rate=74.9%, Wilson lower bound=74.4% (at 99.75% confidence)
2026-09-28 19:31:12,365 [INFO]   window=180min threshold=6.0% -> 54441 signals, win_rate=61.9%, Wilson lower bound=61.3% (at 99.75% confidence)
2026-09-28 19:33:23,154 [INFO]   window=180min threshold=9.0% -> 38990 signals, win_rate=52.0%, Wilson lower bound=51.2% (at 99.75% confidence)
2026-09-28 19:35:26,987 [INFO]   window=180min threshold=12.0% -> 28072 signals, win_rate=41.3%, Wilson lower bound=40.4% (at 99.75% confidence)
2026-09-28 19:37:15,703 [INFO]   window=375min threshold=4.0% -> 61290 signals, win_rate=72.3%, Wilson lower bound=71.8% (at 99.75% confidence)
2026-09-28 19:39:04,342 [INFO]   window=375min threshold=8.5% -> 40288 signals, win_rate=63.1%, Wilson lower bound=62.4% (at 99.75% confidence)
2026-09-28 19:42:20,760 [INFO]   window=375min threshold=13.0% -> 28493 signals, win_rate=53.1%, Wilson lower bound=52.2% (at 99.75% confidence)
2026-09-28 19:44:33,269 [INFO]   window=375min threshold=17.0% -> 21446 signals, win_rate=43.2%, Wilson lower bound=42.2% (at 99.75% confidence)
2026-09-28 19:46:32,928 [INFO]   window=750min threshold=6.0% -> 50781 signals, win_rate=67.2%, Wilson lower bound=66.6% (at 99.75% confidence)
2026-09-28 19:48:31,807 [INFO]   window=750min threshold=12.0% -> 30808 signals, win_rate=55.5%, Wilson lower bound=54.6% (at 99.75% confidence)
2026-09-28 19:50:24,608 [INFO]   window=750min threshold=18.0% -> 20065 signals, win_rate=40.2%, Wilson lower bound=39.2% (at 99.75% confidence)
2026-09-28 19:52:15,945 [INFO]   window=750min threshold=24.0% -> 15362 signals, win_rate=21.5%, Wilson lower bound=20.5% (at 99.75% confidence)
2026-09-28 19:52:15,999 [INFO] NIFTY: selected window=180min threshold=3.0% (Wilson lower bound 74.4%)
2026-09-28 19:52:32,115 [INFO] NIFTY: wrote C:\AUTOBATAIML\data\model_results_NIFTY.json
2026-09-28 19:52:32,545 [INFO] === CRUDEOILM: starting Phase 2 search ===
2026-09-28 19:56:55,890 [INFO]   window=15min threshold=1.5% -> 131197 signals, win_rate=48.4%, Wilson lower bound=48.0% (at 99.79% confidence)
2026-09-28 20:01:11,718 [INFO]   window=15min threshold=2.5% -> 84571 signals, win_rate=25.9%, Wilson lower bound=25.4% (at 99.79% confidence)
2026-09-28 20:05:33,726 [INFO]   window=15min threshold=4.0% -> 78586 signals, win_rate=9.5%, Wilson lower bound=9.2% (at 99.79% confidence)
2026-09-28 20:09:51,222 [INFO]   window=15min threshold=5.0% -> 78557 signals, win_rate=5.2%, Wilson lower bound=4.9% (at 99.79% confidence)
2026-09-28 20:14:07,613 [INFO]   window=60min threshold=2.5% -> 278995 signals, win_rate=55.3%, Wilson lower bound=55.1% (at 99.79% confidence)
2026-09-28 20:18:23,258 [INFO]   window=60min threshold=5.0% -> 83667 signals, win_rate=28.6%, Wilson lower bound=28.2% (at 99.79% confidence)
2026-09-28 20:22:40,986 [INFO]   window=60min threshold=8.0% -> 78828 signals, win_rate=9.9%, Wilson lower bound=9.6% (at 99.79% confidence)
2026-09-28 20:26:58,046 [INFO]   window=60min threshold=10.0% -> 59943 signals, win_rate=3.9%, Wilson lower bound=3.6% (at 99.79% confidence)
2026-09-28 20:31:06,778 [INFO]   window=870min threshold=10.0% -> 111621 signals, win_rate=57.1%, Wilson lower bound=56.7% (at 99.79% confidence)
2026-09-28 20:35:12,365 [INFO]   window=870min threshold=20.0% -> 55687 signals, win_rate=50.2%, Wilson lower bound=49.5% (at 99.79% confidence)
2026-09-28 20:39:14,813 [INFO]   window=870min threshold=30.0% -> 11073 signals, win_rate=21.0%, Wilson lower bound=19.8% (at 99.79% confidence)
2026-09-28 20:43:18,008 [INFO]   window=870min threshold=40.0% -> 2253 signals, win_rate=49.8%, Wilson lower bound=46.6% (at 99.79% confidence)
2026-09-28 20:47:24,756 [INFO]   window=2610min threshold=17.0% -> 93006 signals, win_rate=37.8%, Wilson lower bound=37.3% (at 99.79% confidence)
2026-09-28 20:51:30,379 [INFO]   window=2610min threshold=34.0% -> 8699 signals, win_rate=64.4%, Wilson lower bound=62.8% (at 99.79% confidence)
2026-09-28 20:55:35,449 [INFO]   window=2610min threshold=51.0% -> 23285 signals, win_rate=59.8%, Wilson lower bound=58.8% (at 99.79% confidence)
2026-09-28 20:59:41,105 [INFO]   window=2610min threshold=68.0% -> 24725 signals, win_rate=46.3%, Wilson lower bound=45.3% (at 99.79% confidence)
2026-09-28 21:03:44,135 [INFO]   window=4350min threshold=22.0% -> 95012 signals, win_rate=57.6%, Wilson lower bound=57.2% (at 99.79% confidence)
2026-09-28 21:07:47,429 [INFO]   window=4350min threshold=44.0% -> 32028 signals, win_rate=37.7%, Wilson lower bound=36.9% (at 99.79% confidence)
2026-09-28 21:11:50,879 [INFO]   window=4350min threshold=66.0% -> 23635 signals, win_rate=77.0%, Wilson lower bound=76.1% (at 99.79% confidence)
2026-09-28 21:15:52,875 [INFO]   window=4350min threshold=88.0% -> 22702 signals, win_rate=52.9%, Wilson lower bound=51.9% (at 99.79% confidence)
2026-09-28 21:19:15,607 [INFO]   window=8700min threshold=31.0% -> 27623 signals, win_rate=79.6%, Wilson lower bound=78.8% (at 99.79% confidence)
2026-09-28 21:22:38,362 [INFO]   window=8700min threshold=62.0% -> 45407 signals, win_rate=55.8%, Wilson lower bound=55.1% (at 99.79% confidence)
2026-09-28 21:26:01,344 [INFO]   window=8700min threshold=93.0% -> 64657 signals, win_rate=22.3%, Wilson lower bound=21.8% (at 99.79% confidence)
2026-09-28 21:29:23,656 [INFO]   window=8700min threshold=100.0% -> 66249 signals, win_rate=19.3%, Wilson lower bound=18.8% (at 99.79% confidence)
2026-09-28 21:29:23,660 [INFO] CRUDEOILM: selected window=8700min threshold=31.0% (Wilson lower bound 78.8%)
2026-09-28 21:29:29,035 [INFO] CRUDEOILM: wrote C:\AUTOBATAIML\data\model_results_CRUDEOILM.json
2026-09-29 14:18:37,548 [INFO] === NIFTY: starting Phase 2 search ===
2026-09-29 14:21:47,429 [INFO]   window=15min threshold=1.0% -> 96777 signals, win_rate=70.8%, Wilson lower bound=70.4% (at 99.75% confidence)
2026-09-29 14:23:46,776 [INFO]   window=15min threshold=2.0% -> 65230 signals, win_rate=59.1%, Wilson lower bound=58.5% (at 99.75% confidence)
2026-09-29 14:25:44,138 [INFO]   window=15min threshold=2.5% -> 49508 signals, win_rate=55.0%, Wilson lower bound=54.3% (at 99.75% confidence)
2026-09-29 14:28:00,336 [INFO]   window=15min threshold=3.5% -> 24506 signals, win_rate=48.6%, Wilson lower bound=47.7% (at 99.75% confidence)
2026-09-29 14:30:20,204 [INFO]   window=60min threshold=2.0% -> 79961 signals, win_rate=74.0%, Wilson lower bound=73.6% (at 99.75% confidence)
2026-09-29 14:32:35,716 [INFO]   window=60min threshold=3.5% -> 64598 signals, win_rate=63.1%, Wilson lower bound=62.6% (at 99.75% confidence)
2026-09-29 14:34:35,715 [INFO]   window=60min threshold=5.0% -> 42418 signals, win_rate=55.9%, Wilson lower bound=55.2% (at 99.75% confidence)
2026-09-29 14:36:51,230 [INFO]   window=60min threshold=7.0% -> 24450 signals, win_rate=47.8%, Wilson lower bound=46.9% (at 99.75% confidence)
2026-09-29 14:39:05,040 [INFO]   window=180min threshold=3.0% -> 75217 signals, win_rate=74.8%, Wilson lower bound=74.3% (at 99.75% confidence)
2026-09-29 14:41:19,853 [INFO]   window=180min threshold=6.0% -> 54679 signals, win_rate=61.8%, Wilson lower bound=61.2% (at 99.75% confidence)
2026-09-29 14:43:33,247 [INFO]   window=180min threshold=9.0% -> 39071 signals, win_rate=51.9%, Wilson lower bound=51.1% (at 99.75% confidence)
2026-09-29 14:45:42,959 [INFO]   window=180min threshold=12.0% -> 28115 signals, win_rate=41.2%, Wilson lower bound=40.3% (at 99.75% confidence)
2026-09-29 14:47:36,999 [INFO]   window=375min threshold=4.0% -> 69430 signals, win_rate=72.2%, Wilson lower bound=71.7% (at 99.75% confidence)
2026-09-29 14:49:31,831 [INFO]   window=375min threshold=8.5% -> 44479 signals, win_rate=61.1%, Wilson lower bound=60.4% (at 99.75% confidence)
2026-09-29 14:51:26,813 [INFO]   window=375min threshold=13.0% -> 31369 signals, win_rate=50.1%, Wilson lower bound=49.3% (at 99.75% confidence)
2026-09-29 14:53:21,411 [INFO]   window=375min threshold=17.0% -> 22991 signals, win_rate=41.0%, Wilson lower bound=40.0% (at 99.75% confidence)
2026-09-29 14:55:44,251 [INFO]   window=750min threshold=6.0% -> 56657 signals, win_rate=66.3%, Wilson lower bound=65.7% (at 99.75% confidence)
2026-09-29 14:58:04,281 [INFO]   window=750min threshold=12.0% -> 33925 signals, win_rate=52.6%, Wilson lower bound=51.7% (at 99.75% confidence)
2026-09-29 15:00:17,876 [INFO]   window=750min threshold=18.0% -> 21376 signals, win_rate=38.3%, Wilson lower bound=37.3% (at 99.75% confidence)
2026-09-29 15:02:18,868 [INFO]   window=750min threshold=24.0% -> 15941 signals, win_rate=20.8%, Wilson lower bound=19.9% (at 99.75% confidence)
2026-09-29 15:02:18,868 [INFO] NIFTY: selected window=180min threshold=3.0% (Wilson lower bound 74.3%)
2026-09-29 15:02:33,983 [INFO] NIFTY: wrote C:\AUTOBATAIML\data\model_results_NIFTY.json
2026-09-29 15:02:34,283 [INFO] === CRUDEOILM: starting Phase 2 search ===
2026-09-29 15:07:31,042 [INFO]   window=15min threshold=1.5% -> 141430 signals, win_rate=49.1%, Wilson lower bound=48.7% (at 99.79% confidence)
2026-09-29 15:12:26,225 [INFO]   window=15min threshold=2.5% -> 85493 signals, win_rate=26.1%, Wilson lower bound=25.6% (at 99.79% confidence)
2026-09-29 15:17:13,119 [INFO]   window=15min threshold=4.0% -> 78590 signals, win_rate=9.5%, Wilson lower bound=9.2% (at 99.79% confidence)
2026-09-29 15:22:12,458 [INFO]   window=15min threshold=5.0% -> 78557 signals, win_rate=5.2%, Wilson lower bound=4.9% (at 99.79% confidence)
2026-09-29 15:26:53,142 [INFO]   window=60min threshold=2.5% -> 302948 signals, win_rate=55.8%, Wilson lower bound=55.5% (at 99.79% confidence)
2026-09-29 15:31:34,780 [INFO]   window=60min threshold=5.0% -> 85393 signals, win_rate=28.5%, Wilson lower bound=28.1% (at 99.79% confidence)
2026-09-29 15:36:15,019 [INFO]   window=60min threshold=8.0% -> 78836 signals, win_rate=9.9%, Wilson lower bound=9.6% (at 99.79% confidence)
2026-09-29 15:42:14,551 [INFO] === NIFTY: starting Phase 2 search ===
2026-09-29 18:19:55,097 [INFO] === NIFTY: starting Phase 2 search ===
2026-09-29 18:22:46,795 [INFO] === NIFTY: starting Phase 2 search ===
2026-09-29 18:25:04,968 [INFO]   window=15min threshold=1.0% -> 6699 signals, win_rate=70.2%, Wilson lower bound=68.5% (at 99.75% confidence), net_expectancy=-1.41% (NOT PROFITABLE — excluded from selection)
2026-09-29 18:27:13,607 [INFO]   window=15min threshold=2.0% -> 4720 signals, win_rate=58.0%, Wilson lower bound=55.8% (at 99.75% confidence), net_expectancy=-1.14% (NOT PROFITABLE — excluded from selection)
2026-09-29 18:29:19,451 [INFO]   window=15min threshold=2.5% -> 3759 signals, win_rate=53.8%, Wilson lower bound=51.3% (at 99.75% confidence), net_expectancy=-0.96% (NOT PROFITABLE — excluded from selection)
2026-09-29 18:31:22,749 [INFO]   window=15min threshold=3.5% -> 2082 signals, win_rate=47.6%, Wilson lower bound=44.4% (at 99.75% confidence), net_expectancy=-0.19% (NOT PROFITABLE — excluded from selection)
2026-09-29 18:33:30,227 [INFO]   window=60min threshold=2.0% -> 1626 signals, win_rate=71.5%, Wilson lower bound=68.0% (at 99.75% confidence), net_expectancy=-4.58% (NOT PROFITABLE — excluded from selection)
2026-09-29 18:35:36,056 [INFO]   window=60min threshold=3.5% -> 1324 signals, win_rate=60.3%, Wilson lower bound=56.2% (at 99.75% confidence), net_expectancy=-4.59% (NOT PROFITABLE — excluded from selection)
2026-09-29 18:37:39,703 [INFO]   window=60min threshold=5.0% -> 958 signals, win_rate=53.9%, Wilson lower bound=49.0% (at 99.75% confidence), net_expectancy=-5.42% (NOT PROFITABLE — excluded from selection)
2026-09-29 18:39:42,577 [INFO]   window=60min threshold=7.0% -> 623 signals, win_rate=49.3%, Wilson lower bound=43.3% (at 99.75% confidence), net_expectancy=N/A (NOT PROFITABLE — excluded from selection)
2026-09-29 18:41:47,907 [INFO]   window=180min threshold=3.0% -> 608 signals, win_rate=66.0%, Wilson lower bound=59.9% (at 99.75% confidence), net_expectancy=N/A (NOT PROFITABLE — excluded from selection)
2026-09-29 18:43:51,697 [INFO]   window=180min threshold=6.0% -> 457 signals, win_rate=57.8%, Wilson lower bound=50.7% (at 99.75% confidence), net_expectancy=N/A (NOT PROFITABLE — excluded from selection)
2026-09-29 18:45:54,634 [INFO]   window=180min threshold=9.0% -> 383 signals, win_rate=49.6%, Wilson lower bound=42.0% (at 99.75% confidence), net_expectancy=N/A (NOT PROFITABLE — excluded from selection)
2026-09-29 18:48:14,303 [INFO]   window=180min threshold=12.0% -> 316 signals, win_rate=45.9%, Wilson lower bound=37.6% (at 99.75% confidence), net_expectancy=N/A (NOT PROFITABLE — excluded from selection)
2026-09-29 18:50:19,796 [INFO]   window=375min threshold=4.0% -> 321 signals, win_rate=75.4%, Wilson lower bound=67.5% (at 99.75% confidence), net_expectancy=N/A (NOT PROFITABLE — excluded from selection)
2026-09-29 18:52:21,396 [INFO]   window=375min threshold=8.5% -> 253 signals, win_rate=64.4%, Wilson lower bound=55.0% (at 99.75% confidence), net_expectancy=N/A (NOT PROFITABLE — excluded from selection)
2026-09-29 18:54:22,272 [INFO]   window=375min threshold=13.0% -> 231 signals, win_rate=58.4%, Wilson lower bound=48.5% (at 99.75% confidence), net_expectancy=N/A (NOT PROFITABLE — excluded from selection)
2026-09-29 18:56:21,762 [INFO]   window=375min threshold=17.0% -> 192 signals, win_rate=52.6%, Wilson lower bound=41.8% (at 99.75% confidence), net_expectancy=N/A (NOT PROFITABLE — excluded from selection)
2026-09-29 18:58:22,745 [INFO]   window=750min threshold=6.0% -> 209 signals, win_rate=71.3%, Wilson lower bound=61.1% (at 99.75% confidence), net_expectancy=N/A (NOT PROFITABLE — excluded from selection)
2026-09-29 19:00:22,347 [INFO]   window=750min threshold=12.0% -> 185 signals, win_rate=65.4%, Wilson lower bound=54.3% (at 99.75% confidence), net_expectancy=N/A (NOT PROFITABLE — excluded from selection)
2026-09-29 19:02:42,864 [INFO]   window=750min threshold=18.0% -> 136 signals, win_rate=58.8%, Wilson lower bound=45.9% (at 99.75% confidence), net_expectancy=N/A (NOT PROFITABLE — excluded from selection)
2026-09-29 19:04:52,147 [INFO]   window=750min threshold=24.0% -> 99 signals, win_rate=56.6%, Wilson lower bound=41.6% (at 99.75% confidence), net_expectancy=N/A (NOT PROFITABLE — excluded from selection)
2026-09-29 19:04:52,148 [INFO] NIFTY: NONE of the 20 tested combinations were net profitable after real ask/bid-priced costs — even the statistically strongest win rate lost money. Writing no results file rather than selecting a confirmed loser. This is a legitimate, honest outcome, not a bug.
2026-09-29 19:04:52,311 [INFO] === CRUDEOILM: starting Phase 2 search ===
2026-09-29 19:10:38,268 [INFO]   window=15min threshold=1.5% -> 10476 signals, win_rate=50.5%, Wilson lower bound=49.0% (at 99.79% confidence), net_expectancy=-0.71% (NOT PROFITABLE — excluded from selection)
2026-09-29 19:15:48,603 [INFO]   window=15min threshold=2.5% -> 5879 signals, win_rate=27.7%, Wilson lower bound=25.9% (at 99.79% confidence), net_expectancy=-0.61% (NOT PROFITABLE — excluded from selection)
2026-09-29 19:21:11,948 [INFO]   window=15min threshold=4.0% -> 5233 signals, win_rate=9.8%, Wilson lower bound=8.6% (at 99.79% confidence), net_expectancy=-0.48% (NOT PROFITABLE — excluded from selection)
2026-09-29 19:26:17,117 [INFO]   window=15min threshold=5.0% -> 5228 signals, win_rate=4.9%, Wilson lower bound=4.1% (at 99.79% confidence), net_expectancy=-0.46% (NOT PROFITABLE — excluded from selection)
2026-09-29 19:32:35,320 [INFO]   window=60min threshold=2.5% -> 5940 signals, win_rate=56.2%, Wilson lower bound=54.2% (at 99.79% confidence), net_expectancy=0.08% (PROFITABLE)
2026-09-29 19:38:12,356 [INFO]   window=60min threshold=5.0% -> 2130 signals, win_rate=36.5%, Wilson lower bound=33.3% (at 99.79% confidence), net_expectancy=-0.17% (NOT PROFITABLE — excluded from selection)
2026-09-29 19:43:47,202 [INFO]   window=60min threshold=8.0% -> 1846 signals, win_rate=18.2%, Wilson lower bound=15.6% (at 99.79% confidence), net_expectancy=-0.04% (NOT PROFITABLE — excluded from selection)
2026-09-29 19:49:20,789 [INFO]   window=60min threshold=10.0% -> 1538 signals, win_rate=13.3%, Wilson lower bound=10.8% (at 99.79% confidence), net_expectancy=-0.71% (NOT PROFITABLE — excluded from selection)
2026-09-29 19:54:38,178 [INFO]   window=870min threshold=10.0% -> 318 signals, win_rate=67.6%, Wilson lower bound=59.1% (at 99.79% confidence), net_expectancy=N/A (NOT PROFITABLE — excluded from selection)
2026-09-29 20:00:14,072 [INFO]   window=870min threshold=20.0% -> 175 signals, win_rate=40.0%, Wilson lower bound=29.4% (at 99.79% confidence), net_expectancy=N/A (NOT PROFITABLE — excluded from selection)
2026-09-29 20:04:59,824 [INFO]   window=870min threshold=30.0% -> 48 signals, win_rate=6.2%, Wilson lower bound=1.3% (at 99.79% confidence), net_expectancy=N/A (NOT PROFITABLE — excluded from selection)
2026-09-29 20:09:58,028 [INFO]   window=870min threshold=40.0% -> 10 signals, win_rate=0.0%, Wilson lower bound=-0.0% (at 99.79% confidence), net_expectancy=N/A (NOT PROFITABLE — excluded from selection)
2026-09-29 20:14:52,965 [INFO]   window=2610min threshold=17.0% -> 169 signals, win_rate=42.6%, Wilson lower bound=31.6% (at 99.79% confidence), net_expectancy=4.18% (PROFITABLE)
2026-09-29 20:19:23,918 [INFO]   window=2610min threshold=34.0% -> only 2 signals, skipping (need >=10)
2026-09-29 20:23:51,088 [INFO]   window=2610min threshold=51.0% -> only 0 signals, skipping (need >=10)
2026-09-29 20:28:13,805 [INFO]   window=2610min threshold=68.0% -> only 0 signals, skipping (need >=10)
2026-09-29 20:32:39,068 [INFO]   window=4350min threshold=22.0% -> 58 signals, win_rate=1.7%, Wilson lower bound=0.2% (at 99.79% confidence), net_expectancy=N/A (NOT PROFITABLE — excluded from selection)
2026-09-29 20:37:03,614 [INFO]   window=4350min threshold=44.0% -> 58 signals, win_rate=1.7%, Wilson lower bound=0.2% (at 99.79% confidence), net_expectancy=N/A (NOT PROFITABLE — excluded from selection)
2026-09-29 20:41:28,356 [INFO]   window=4350min threshold=66.0% -> 59 signals, win_rate=18.6%, Wilson lower bound=7.9% (at 99.79% confidence), net_expectancy=N/A (NOT PROFITABLE — excluded from selection)
2026-09-29 20:45:57,065 [INFO]   window=4350min threshold=88.0% -> 124 signals, win_rate=0.0%, Wilson lower bound=-0.0% (at 99.79% confidence), net_expectancy=-4.11% (NOT PROFITABLE — excluded from selection)
2026-09-29 20:49:47,305 [INFO]   window=8700min threshold=31.0% -> only 0 signals, skipping (need >=10)
2026-09-29 20:53:37,919 [INFO]   window=8700min threshold=62.0% -> only 0 signals, skipping (need >=10)
2026-09-29 20:57:27,707 [INFO]   window=8700min threshold=93.0% -> only 0 signals, skipping (need >=10)
2026-09-29 21:01:18,036 [INFO]   window=8700min threshold=100.0% -> only 0 signals, skipping (need >=10)
2026-09-29 21:01:18,037 [INFO] CRUDEOILM: selected window=60min threshold=2.5% (Wilson lower bound 54.2%, net expectancy 0.08%) out of 2/17 profitable candidates
2026-09-29 21:01:18,605 [INFO] CRUDEOILM: single-day profit concentration: {'sufficient': True, 'max_single_day_share_pct': 50.84179020307907, 'n_days_with_trades': 10, 'best_day_pnl_pct': 143.35798976278517}
2026-09-29 21:01:18,605 [INFO] CRUDEOILM: slippage stress test: {'sufficient': True, 'n_trades_stressed': 770, 'baseline_expectancy_pct': 0.08253547364397266, 'stressed_expectancy_pct': {'1.5x': -0.10242616895361413, '2.0x': -0.2868346724899933}, 'survives_2x_stress': False}
2026-09-29 21:01:18,610 [INFO] CRUDEOILM: wrote C:\AUTOBATAIML\data\model_results_CRUDEOILM.json
2026-09-29 23:47:52,295 [INFO] === NIFTY: starting Phase 2 search ===
2026-09-29 23:50:11,524 [INFO]   window=15min threshold=1.0% -> 6699 signals, win_rate=70.2%, Wilson lower bound=68.5% (at 99.75% confidence), net_expectancy=-1.41% (NOT PROFITABLE — excluded from selection)
2026-09-29 23:52:22,097 [INFO]   window=15min threshold=2.0% -> 4720 signals, win_rate=58.0%, Wilson lower bound=55.8% (at 99.75% confidence), net_expectancy=-1.14% (NOT PROFITABLE — excluded from selection)
2026-09-29 23:54:32,025 [INFO]   window=15min threshold=2.5% -> 3759 signals, win_rate=53.8%, Wilson lower bound=51.3% (at 99.75% confidence), net_expectancy=-0.96% (NOT PROFITABLE — excluded from selection)
2026-09-29 23:56:43,205 [INFO]   window=15min threshold=3.5% -> 2082 signals, win_rate=47.6%, Wilson lower bound=44.4% (at 99.75% confidence), net_expectancy=-0.19% (NOT PROFITABLE — excluded from selection)
2026-09-29 23:58:57,953 [INFO]   window=60min threshold=2.0% -> 1626 signals, win_rate=71.5%, Wilson lower bound=68.0% (at 99.75% confidence), net_expectancy=-4.58% (NOT PROFITABLE — excluded from selection)
2026-09-30 00:01:29,319 [INFO]   window=60min threshold=3.5% -> 1324 signals, win_rate=60.3%, Wilson lower bound=56.2% (at 99.75% confidence), net_expectancy=-4.59% (NOT PROFITABLE — excluded from selection)
2026-09-30 00:03:41,498 [INFO]   window=60min threshold=5.0% -> 958 signals, win_rate=53.9%, Wilson lower bound=49.0% (at 99.75% confidence), net_expectancy=-5.42% (NOT PROFITABLE — excluded from selection)
2026-09-30 00:06:22,295 [INFO]   window=60min threshold=7.0% -> 623 signals, win_rate=49.3%, Wilson lower bound=43.3% (at 99.75% confidence), net_expectancy=N/A (NOT PROFITABLE — excluded from selection)
2026-09-30 00:09:03,873 [INFO]   window=180min threshold=3.0% -> 608 signals, win_rate=66.0%, Wilson lower bound=59.9% (at 99.75% confidence), net_expectancy=N/A (NOT PROFITABLE — excluded from selection)
2026-09-30 00:11:25,651 [INFO]   window=180min threshold=6.0% -> 457 signals, win_rate=57.8%, Wilson lower bound=50.7% (at 99.75% confidence), net_expectancy=N/A (NOT PROFITABLE — excluded from selection)
2026-09-30 00:13:38,775 [INFO]   window=180min threshold=9.0% -> 383 signals, win_rate=49.6%, Wilson lower bound=42.0% (at 99.75% confidence), net_expectancy=N/A (NOT PROFITABLE — excluded from selection)
2026-09-30 00:16:40,078 [INFO]   window=180min threshold=12.0% -> 316 signals, win_rate=45.9%, Wilson lower bound=37.6% (at 99.75% confidence), net_expectancy=N/A (NOT PROFITABLE — excluded from selection)
2026-09-30 00:18:54,626 [INFO]   window=375min threshold=4.0% -> 321 signals, win_rate=75.4%, Wilson lower bound=67.5% (at 99.75% confidence), net_expectancy=N/A (NOT PROFITABLE — excluded from selection)
2026-09-30 00:21:33,026 [INFO]   window=375min threshold=8.5% -> 253 signals, win_rate=64.4%, Wilson lower bound=55.0% (at 99.75% confidence), net_expectancy=N/A (NOT PROFITABLE — excluded from selection)
2026-09-30 00:24:02,420 [INFO]   window=375min threshold=13.0% -> 231 signals, win_rate=58.4%, Wilson lower bound=48.5% (at 99.75% confidence), net_expectancy=N/A (NOT PROFITABLE — excluded from selection)
2026-09-30 00:26:09,175 [INFO]   window=375min threshold=17.0% -> 192 signals, win_rate=52.6%, Wilson lower bound=41.8% (at 99.75% confidence), net_expectancy=N/A (NOT PROFITABLE — excluded from selection)
2026-09-30 00:28:19,925 [INFO]   window=750min threshold=6.0% -> 209 signals, win_rate=71.3%, Wilson lower bound=61.1% (at 99.75% confidence), net_expectancy=N/A (NOT PROFITABLE — excluded from selection)
2026-09-30 00:30:23,553 [INFO]   window=750min threshold=12.0% -> 185 signals, win_rate=65.4%, Wilson lower bound=54.3% (at 99.75% confidence), net_expectancy=N/A (NOT PROFITABLE — excluded from selection)
2026-09-30 00:32:30,843 [INFO]   window=750min threshold=18.0% -> 136 signals, win_rate=58.8%, Wilson lower bound=45.9% (at 99.75% confidence), net_expectancy=N/A (NOT PROFITABLE — excluded from selection)
2026-09-30 00:34:39,896 [INFO]   window=750min threshold=24.0% -> 99 signals, win_rate=56.6%, Wilson lower bound=41.6% (at 99.75% confidence), net_expectancy=N/A (NOT PROFITABLE — excluded from selection)
2026-09-30 00:34:39,896 [INFO] NIFTY: NONE of the 20 tested combinations were net profitable after real ask/bid-priced costs — even the statistically strongest win rate lost money. Writing no results file rather than selecting a confirmed loser. This is a legitimate, honest outcome, not a bug.
2026-09-30 00:34:40,535 [INFO] === CRUDEOILM: starting Phase 2 search ===
2026-09-30 00:40:23,972 [INFO]   window=15min threshold=1.5% -> 11129 signals, win_rate=50.6%, Wilson lower bound=49.1% (at 99.79% confidence), net_expectancy=-0.72% (NOT PROFITABLE — excluded from selection)
2026-09-30 00:45:41,564 [INFO]   window=15min threshold=2.5% -> 5912 signals, win_rate=27.7%, Wilson lower bound=25.9% (at 99.79% confidence), net_expectancy=-0.61% (NOT PROFITABLE — excluded from selection)
2026-09-30 00:50:55,704 [INFO]   window=15min threshold=4.0% -> 5234 signals, win_rate=9.8%, Wilson lower bound=8.6% (at 99.79% confidence), net_expectancy=-0.48% (NOT PROFITABLE — excluded from selection)
2026-09-30 00:56:24,450 [INFO]   window=15min threshold=5.0% -> 5228 signals, win_rate=4.9%, Wilson lower bound=4.1% (at 99.79% confidence), net_expectancy=-0.46% (NOT PROFITABLE — excluded from selection)
2026-09-30 01:02:14,522 [INFO]   window=60min threshold=2.5% -> 6186 signals, win_rate=56.2%, Wilson lower bound=54.3% (at 99.79% confidence), net_expectancy=-0.10% (NOT PROFITABLE — excluded from selection)
2026-09-30 01:08:21,965 [INFO]   window=60min threshold=5.0% -> 2181 signals, win_rate=36.3%, Wilson lower bound=33.2% (at 99.79% confidence), net_expectancy=-0.27% (NOT PROFITABLE — excluded from selection)
2026-09-30 01:14:02,549 [INFO]   window=60min threshold=8.0% -> 1846 signals, win_rate=18.2%, Wilson lower bound=15.6% (at 99.79% confidence), net_expectancy=-0.04% (NOT PROFITABLE — excluded from selection)
2026-09-30 01:19:17,513 [INFO]   window=60min threshold=10.0% -> 1538 signals, win_rate=13.3%, Wilson lower bound=10.8% (at 99.79% confidence), net_expectancy=-0.71% (NOT PROFITABLE — excluded from selection)
2026-09-30 01:24:42,902 [INFO]   window=870min threshold=10.0% -> 318 signals, win_rate=67.6%, Wilson lower bound=59.1% (at 99.79% confidence), net_expectancy=N/A (NOT PROFITABLE — excluded from selection)
2026-09-30 01:29:27,482 [INFO]   window=870min threshold=20.0% -> 175 signals, win_rate=40.0%, Wilson lower bound=29.4% (at 99.79% confidence), net_expectancy=N/A (NOT PROFITABLE — excluded from selection)
2026-09-30 01:34:06,857 [INFO]   window=870min threshold=30.0% -> 48 signals, win_rate=6.2%, Wilson lower bound=1.3% (at 99.79% confidence), net_expectancy=N/A (NOT PROFITABLE — excluded from selection)
2026-09-30 01:38:38,470 [INFO]   window=870min threshold=40.0% -> 10 signals, win_rate=0.0%, Wilson lower bound=-0.0% (at 99.79% confidence), net_expectancy=N/A (NOT PROFITABLE — excluded from selection)
2026-09-30 01:42:58,559 [INFO]   window=2610min threshold=17.0% -> 169 signals, win_rate=42.6%, Wilson lower bound=31.6% (at 99.79% confidence), net_expectancy=4.18% (PROFITABLE)
2026-09-30 01:47:11,077 [INFO]   window=2610min threshold=34.0% -> only 2 signals, skipping (need >=10)
2026-09-30 01:51:26,490 [INFO]   window=2610min threshold=51.0% -> only 0 signals, skipping (need >=10)
2026-09-30 01:56:09,263 [INFO]   window=2610min threshold=68.0% -> only 0 signals, skipping (need >=10)
2026-09-30 02:00:51,498 [INFO]   window=4350min threshold=22.0% -> 58 signals, win_rate=1.7%, Wilson lower bound=0.2% (at 99.79% confidence), net_expectancy=N/A (NOT PROFITABLE — excluded from selection)
2026-09-30 02:05:44,287 [INFO]   window=4350min threshold=44.0% -> 58 signals, win_rate=1.7%, Wilson lower bound=0.2% (at 99.79% confidence), net_expectancy=N/A (NOT PROFITABLE — excluded from selection)
2026-09-30 02:10:30,837 [INFO]   window=4350min threshold=66.0% -> 59 signals, win_rate=18.6%, Wilson lower bound=7.9% (at 99.79% confidence), net_expectancy=N/A (NOT PROFITABLE — excluded from selection)
2026-09-30 02:15:31,997 [INFO]   window=4350min threshold=88.0% -> 124 signals, win_rate=0.0%, Wilson lower bound=-0.0% (at 99.79% confidence), net_expectancy=-4.11% (NOT PROFITABLE — excluded from selection)
2026-09-30 02:19:42,469 [INFO]   window=8700min threshold=31.0% -> only 0 signals, skipping (need >=10)
2026-09-30 02:24:47,919 [INFO]   window=8700min threshold=62.0% -> only 0 signals, skipping (need >=10)
2026-09-30 02:29:05,104 [INFO]   window=8700min threshold=93.0% -> only 0 signals, skipping (need >=10)
2026-09-30 02:33:57,628 [INFO]   window=8700min threshold=100.0% -> only 0 signals, skipping (need >=10)
2026-09-30 02:33:57,637 [INFO] CRUDEOILM: selected window=2610min threshold=17.0% (Wilson lower bound 31.6%, net expectancy 4.18%) out of 1/17 profitable candidates
2026-09-30 02:33:57,874 [INFO] CRUDEOILM: single-day profit concentration: {'sufficient': True, 'max_single_day_share_pct': 84.02413302147387, 'n_days_with_trades': 2, 'best_day_pnl_pct': 344.424548543059}
2026-09-30 02:33:57,874 [INFO] CRUDEOILM: slippage stress test: {'sufficient': True, 'n_trades_stressed': 98, 'baseline_expectancy_pct': 4.1827699771979185, 'stressed_expectancy_pct': {'1.5x': 3.6650148588606424, '2.0x': 3.181716781916845}, 'survives_2x_stress': True}
2026-09-30 02:33:57,894 [INFO] CRUDEOILM: wrote C:\AUTOBATAIML\data\model_results_CRUDEOILM.json
2026-09-30 17:42:05,830 [INFO] === NIFTY: starting Phase 2 search ===
2026-09-30 17:45:09,206 [INFO]   window=15min threshold=1.0% -> 7920 signals, win_rate=70.9%, Wilson lower bound=69.3% (at 99.75% confidence), net_expectancy=-1.41% (NOT PROFITABLE — excluded from selection)
2026-09-30 17:47:52,814 [INFO]   window=15min threshold=2.0% -> 5796 signals, win_rate=59.6%, Wilson lower bound=57.6% (at 99.75% confidence), net_expectancy=-1.26% (NOT PROFITABLE — excluded from selection)
2026-09-30 17:51:02,599 [INFO]   window=15min threshold=2.5% -> 4541 signals, win_rate=55.6%, Wilson lower bound=53.4% (at 99.75% confidence), net_expectancy=-1.16% (NOT PROFITABLE — excluded from selection)
2026-09-30 17:53:36,029 [INFO]   window=15min threshold=3.5% -> 2347 signals, win_rate=48.6%, Wilson lower bound=45.5% (at 99.75% confidence), net_expectancy=-0.44% (NOT PROFITABLE — excluded from selection)
2026-09-30 17:56:19,513 [INFO]   window=60min threshold=2.0% -> 1937 signals, win_rate=70.0%, Wilson lower bound=66.8% (at 99.75% confidence), net_expectancy=-4.58% (NOT PROFITABLE — excluded from selection)
2026-09-30 17:59:16,719 [INFO]   window=60min threshold=3.5% -> 1623 signals, win_rate=59.1%, Wilson lower bound=55.4% (at 99.75% confidence), net_expectancy=-4.59% (NOT PROFITABLE — excluded from selection)
2026-09-30 18:01:42,772 [INFO]   window=60min threshold=5.0% -> 1168 signals, win_rate=52.8%, Wilson lower bound=48.4% (at 99.75% confidence), net_expectancy=-5.42% (NOT PROFITABLE — excluded from selection)
2026-09-30 18:04:09,374 [INFO]   window=60min threshold=7.0% -> 718 signals, win_rate=48.5%, Wilson lower bound=42.9% (at 99.75% confidence), net_expectancy=N/A (NOT PROFITABLE — excluded from selection)
2026-09-30 18:06:33,494 [INFO]   window=180min threshold=3.0% -> 714 signals, win_rate=68.6%, Wilson lower bound=63.2% (at 99.75% confidence), net_expectancy=N/A (NOT PROFITABLE — excluded from selection)
2026-09-30 18:08:56,699 [INFO]   window=180min threshold=6.0% -> 530 signals, win_rate=58.9%, Wilson lower bound=52.3% (at 99.75% confidence), net_expectancy=N/A (NOT PROFITABLE — excluded from selection)
2026-09-30 18:11:11,635 [INFO]   window=180min threshold=9.0% -> 437 signals, win_rate=48.7%, Wilson lower bound=41.6% (at 99.75% confidence), net_expectancy=N/A (NOT PROFITABLE — excluded from selection)
2026-09-30 18:13:42,822 [INFO]   window=180min threshold=12.0% -> 367 signals, win_rate=43.9%, Wilson lower bound=36.3% (at 99.75% confidence), net_expectancy=N/A (NOT PROFITABLE — excluded from selection)
2026-09-30 18:16:08,036 [INFO]   window=375min threshold=4.0% -> 321 signals, win_rate=75.4%, Wilson lower bound=67.5% (at 99.75% confidence), net_expectancy=N/A (NOT PROFITABLE — excluded from selection)
2026-09-30 18:18:17,714 [INFO]   window=375min threshold=8.5% -> 253 signals, win_rate=64.4%, Wilson lower bound=55.0% (at 99.75% confidence), net_expectancy=N/A (NOT PROFITABLE — excluded from selection)
2026-09-30 18:20:26,071 [INFO]   window=375min threshold=13.0% -> 231 signals, win_rate=58.4%, Wilson lower bound=48.5% (at 99.75% confidence), net_expectancy=N/A (NOT PROFITABLE — excluded from selection)
2026-09-30 18:22:40,115 [INFO]   window=375min threshold=17.0% -> 192 signals, win_rate=52.6%, Wilson lower bound=41.8% (at 99.75% confidence), net_expectancy=N/A (NOT PROFITABLE — excluded from selection)
2026-09-30 18:25:18,310 [INFO]   window=750min threshold=6.0% -> 209 signals, win_rate=71.3%, Wilson lower bound=61.1% (at 99.75% confidence), net_expectancy=N/A (NOT PROFITABLE — excluded from selection)
2026-09-30 18:27:49,149 [INFO]   window=750min threshold=12.0% -> 185 signals, win_rate=65.4%, Wilson lower bound=54.3% (at 99.75% confidence), net_expectancy=N/A (NOT PROFITABLE — excluded from selection)
2026-09-30 18:30:10,840 [INFO]   window=750min threshold=18.0% -> 136 signals, win_rate=58.8%, Wilson lower bound=45.9% (at 99.75% confidence), net_expectancy=N/A (NOT PROFITABLE — excluded from selection)
2026-09-30 18:32:21,811 [INFO]   window=750min threshold=24.0% -> 99 signals, win_rate=56.6%, Wilson lower bound=41.6% (at 99.75% confidence), net_expectancy=N/A (NOT PROFITABLE — excluded from selection)
2026-09-30 18:32:21,820 [INFO] NIFTY: NONE of the 20 tested combinations were net profitable after real ask/bid-priced costs — even the statistically strongest win rate lost money. Writing no results file rather than selecting a confirmed loser. This is a legitimate, honest outcome, not a bug.
2026-09-30 18:32:22,172 [INFO] === CRUDEOILM: starting Phase 2 search ===
2026-09-30 18:37:44,259 [INFO]   window=15min threshold=1.5% -> 11427 signals, win_rate=50.8%, Wilson lower bound=49.4% (at 99.79% confidence), net_expectancy=-0.69% (NOT PROFITABLE — excluded from selection)
2026-09-30 18:43:41,594 [INFO]   window=15min threshold=2.5% -> 5921 signals, win_rate=27.6%, Wilson lower bound=25.9% (at 99.79% confidence), net_expectancy=-0.61% (NOT PROFITABLE — excluded from selection)
2026-09-30 18:49:36,087 [INFO]   window=15min threshold=4.0% -> 5234 signals, win_rate=9.8%, Wilson lower bound=8.6% (at 99.79% confidence), net_expectancy=-0.48% (NOT PROFITABLE — excluded from selection)
2026-09-30 18:54:59,362 [INFO]   window=15min threshold=5.0% -> 5228 signals, win_rate=4.9%, Wilson lower bound=4.1% (at 99.79% confidence), net_expectancy=-0.46% (NOT PROFITABLE — excluded from selection)
2026-09-30 19:00:57,547 [INFO]   window=60min threshold=2.5% -> 6623 signals, win_rate=55.6%, Wilson lower bound=53.8% (at 99.79% confidence), net_expectancy=-0.37% (NOT PROFITABLE — excluded from selection)
2026-09-30 19:06:51,151 [INFO]   window=60min threshold=5.0% -> 2203 signals, win_rate=36.0%, Wilson lower bound=32.9% (at 99.79% confidence), net_expectancy=-0.31% (NOT PROFITABLE — excluded from selection)
2026-09-30 19:12:44,332 [INFO]   window=60min threshold=8.0% -> 1858 signals, win_rate=18.1%, Wilson lower bound=15.6% (at 99.79% confidence), net_expectancy=-0.04% (NOT PROFITABLE — excluded from selection)
2026-09-30 19:18:33,597 [INFO]   window=60min threshold=10.0% -> 1544 signals, win_rate=13.3%, Wilson lower bound=10.8% (at 99.79% confidence), net_expectancy=-0.71% (NOT PROFITABLE — excluded from selection)
2026-09-30 19:24:28,396 [INFO]   window=870min threshold=10.0% -> 380 signals, win_rate=64.2%, Wilson lower bound=56.4% (at 99.79% confidence), net_expectancy=N/A (NOT PROFITABLE — excluded from selection)
2026-09-30 19:29:35,733 [INFO]   window=870min threshold=20.0% -> 220 signals, win_rate=40.0%, Wilson lower bound=30.4% (at 99.79% confidence), net_expectancy=N/A (NOT PROFITABLE — excluded from selection)
2026-09-30 19:34:30,672 [INFO]   window=870min threshold=30.0% -> 76 signals, win_rate=9.2%, Wilson lower bound=3.1% (at 99.79% confidence), net_expectancy=N/A (NOT PROFITABLE — excluded from selection)
2026-09-30 19:39:23,170 [INFO]   window=870min threshold=40.0% -> 28 signals, win_rate=3.6%, Wilson lower bound=0.3% (at 99.79% confidence), net_expectancy=N/A (NOT PROFITABLE — excluded from selection)
2026-09-30 19:44:12,387 [INFO]   window=2610min threshold=17.0% -> 234 signals, win_rate=53.0%, Wilson lower bound=43.0% (at 99.79% confidence), net_expectancy=4.18% (PROFITABLE)
2026-09-30 19:48:53,065 [INFO]   window=2610min threshold=34.0% -> 63 signals, win_rate=66.7%, Wilson lower bound=47.3% (at 99.79% confidence), net_expectancy=N/A (NOT PROFITABLE — excluded from selection)
2026-09-30 19:53:55,300 [INFO]   window=2610min threshold=51.0% -> 21 signals, win_rate=0.0%, Wilson lower bound=0.0% (at 99.79% confidence), net_expectancy=N/A (NOT PROFITABLE — excluded from selection)
2026-09-30 19:58:37,139 [INFO]   window=2610min threshold=68.0% -> only 0 signals, skipping (need >=10)
2026-09-30 20:03:41,337 [INFO]   window=4350min threshold=22.0% -> 58 signals, win_rate=1.7%, Wilson lower bound=0.2% (at 99.79% confidence), net_expectancy=N/A (NOT PROFITABLE — excluded from selection)
2026-09-30 20:08:49,314 [INFO]   window=4350min threshold=44.0% -> 58 signals, win_rate=1.7%, Wilson lower bound=0.2% (at 99.79% confidence), net_expectancy=N/A (NOT PROFITABLE — excluded from selection)
2026-09-30 20:13:57,983 [INFO]   window=4350min threshold=66.0% -> 59 signals, win_rate=18.6%, Wilson lower bound=7.9% (at 99.79% confidence), net_expectancy=N/A (NOT PROFITABLE — excluded from selection)
2026-09-30 20:19:11,443 [INFO]   window=4350min threshold=88.0% -> 124 signals, win_rate=0.0%, Wilson lower bound=-0.0% (at 99.79% confidence), net_expectancy=-4.11% (NOT PROFITABLE — excluded from selection)
2026-09-30 20:23:56,871 [INFO]   window=8700min threshold=31.0% -> only 0 signals, skipping (need >=10)
2026-09-30 20:28:42,906 [INFO]   window=8700min threshold=62.0% -> only 0 signals, skipping (need >=10)
2026-09-30 20:33:26,781 [INFO]   window=8700min threshold=93.0% -> only 0 signals, skipping (need >=10)
2026-09-30 20:38:09,931 [INFO]   window=8700min threshold=100.0% -> only 0 signals, skipping (need >=10)
2026-09-30 20:38:09,936 [INFO] CRUDEOILM: selected window=2610min threshold=17.0% (Wilson lower bound 43.0%, net expectancy 4.18%) out of 1/19 profitable candidates
2026-09-30 20:38:10,104 [INFO] CRUDEOILM: single-day profit concentration: {'sufficient': True, 'max_single_day_share_pct': 84.02413302147387, 'n_days_with_trades': 2, 'best_day_pnl_pct': 344.424548543059}
2026-09-30 20:38:10,104 [INFO] CRUDEOILM: slippage stress test: {'sufficient': True, 'n_trades_stressed': 98, 'baseline_expectancy_pct': 4.1827699771979185, 'stressed_expectancy_pct': {'1.5x': 3.6650148588606424, '2.0x': 3.181716781916845}, 'survives_2x_stress': True}
2026-09-30 20:38:10,114 [INFO] CRUDEOILM: wrote C:\AUTOBATAIML\data\model_results_CRUDEOILM.json
2026-10-01 19:44:31,935 [INFO] === NIFTY: starting Phase 2 search ===
2026-10-01 19:46:14,788 [INFO] === NIFTY: starting Phase 2 search ===
2026-10-01 19:49:28,927 [INFO]   window=15min threshold=1.0% -> 9181 signals, win_rate=72.3%, Wilson lower bound=70.9% (at 99.75% confidence), net_expectancy=-1.29% (NOT PROFITABLE — excluded from selection)
2026-10-01 19:51:05,706 [INFO]   window=15min threshold=1.0% -> 9181 signals, win_rate=72.3%, Wilson lower bound=70.9% (at 99.75% confidence), net_expectancy=-1.29% (NOT PROFITABLE — excluded from selection)
2026-10-01 19:53:46,774 [INFO]   window=15min threshold=2.0% -> 6984 signals, win_rate=61.7%, Wilson lower bound=59.9% (at 99.75% confidence), net_expectancy=-1.05% (NOT PROFITABLE — excluded from selection)
2026-10-01 19:55:17,074 [INFO]   window=15min threshold=2.0% -> 6984 signals, win_rate=61.7%, Wilson lower bound=59.9% (at 99.75% confidence), net_expectancy=-1.05% (NOT PROFITABLE — excluded from selection)
2026-10-01 19:57:15,765 [INFO]   window=15min threshold=2.5% -> 5471 signals, win_rate=58.2%, Wilson lower bound=56.2% (at 99.75% confidence), net_expectancy=-0.81% (NOT PROFITABLE — excluded from selection)
2026-10-01 19:58:24,546 [INFO]   window=15min threshold=2.5% -> 5471 signals, win_rate=58.2%, Wilson lower bound=56.2% (at 99.75% confidence), net_expectancy=-0.81% (NOT PROFITABLE — excluded from selection)
2026-10-01 20:00:48,607 [INFO]   window=15min threshold=3.5% -> 2763 signals, win_rate=51.6%, Wilson lower bound=48.7% (at 99.75% confidence), net_expectancy=-0.09% (NOT PROFITABLE — excluded from selection)
2026-10-01 20:02:08,257 [INFO]   window=15min threshold=3.5% -> 2763 signals, win_rate=51.6%, Wilson lower bound=48.7% (at 99.75% confidence), net_expectancy=-0.09% (NOT PROFITABLE — excluded from selection)
2026-10-01 20:04:10,018 [INFO]   window=60min threshold=2.0% -> 2298 signals, win_rate=70.3%, Wilson lower bound=67.3% (at 99.75% confidence), net_expectancy=13.18% (PROFITABLE)
2026-10-01 20:05:16,520 [INFO]   window=60min threshold=2.0% -> 2298 signals, win_rate=70.3%, Wilson lower bound=67.3% (at 99.75% confidence), net_expectancy=13.18% (PROFITABLE)
2026-10-01 20:07:02,591 [INFO]   window=60min threshold=3.5% -> 1956 signals, win_rate=60.9%, Wilson lower bound=57.5% (at 99.75% confidence), net_expectancy=15.98% (PROFITABLE)
2026-10-01 20:08:09,153 [INFO]   window=60min threshold=3.5% -> 1956 signals, win_rate=60.9%, Wilson lower bound=57.5% (at 99.75% confidence), net_expectancy=15.98% (PROFITABLE)
2026-10-01 20:09:51,872 [INFO]   window=60min threshold=5.0% -> 1399 signals, win_rate=56.3%, Wilson lower bound=52.2% (at 99.75% confidence), net_expectancy=25.25% (PROFITABLE)
2026-10-01 20:10:58,355 [INFO]   window=60min threshold=5.0% -> 1399 signals, win_rate=56.3%, Wilson lower bound=52.2% (at 99.75% confidence), net_expectancy=25.25% (PROFITABLE)
2026-10-01 20:12:36,028 [INFO]   window=60min threshold=7.0% -> 846 signals, win_rate=53.5%, Wilson lower bound=48.4% (at 99.75% confidence), net_expectancy=N/A (NOT PROFITABLE — excluded from selection)
2026-10-01 20:13:44,416 [INFO]   window=60min threshold=7.0% -> 846 signals, win_rate=53.5%, Wilson lower bound=48.4% (at 99.75% confidence), net_expectancy=N/A (NOT PROFITABLE — excluded from selection)
2026-10-01 20:15:26,406 [INFO]   window=180min threshold=3.0% -> 835 signals, win_rate=68.3%, Wilson lower bound=63.2% (at 99.75% confidence), net_expectancy=N/A (NOT PROFITABLE — excluded from selection)
2026-10-01 20:16:35,618 [INFO]   window=180min threshold=3.0% -> 835 signals, win_rate=68.3%, Wilson lower bound=63.2% (at 99.75% confidence), net_expectancy=N/A (NOT PROFITABLE — excluded from selection)
2026-10-01 20:18:13,490 [INFO]   window=180min threshold=6.0% -> 636 signals, win_rate=61.0%, Wilson lower bound=55.0% (at 99.75% confidence), net_expectancy=N/A (NOT PROFITABLE — excluded from selection)
2026-10-01 20:19:23,698 [INFO]   window=180min threshold=6.0% -> 636 signals, win_rate=61.0%, Wilson lower bound=55.0% (at 99.75% confidence), net_expectancy=N/A (NOT PROFITABLE — excluded from selection)
2026-10-01 20:20:58,571 [INFO]   window=180min threshold=9.0% -> 520 signals, win_rate=52.5%, Wilson lower bound=45.9% (at 99.75% confidence), net_expectancy=N/A (NOT PROFITABLE — excluded from selection)
2026-10-01 20:22:10,967 [INFO]   window=180min threshold=9.0% -> 520 signals, win_rate=52.5%, Wilson lower bound=45.9% (at 99.75% confidence), net_expectancy=N/A (NOT PROFITABLE — excluded from selection)
2026-10-01 20:23:43,057 [INFO]   window=180min threshold=12.0% -> 432 signals, win_rate=47.7%, Wilson lower bound=40.5% (at 99.75% confidence), net_expectancy=N/A (NOT PROFITABLE — excluded from selection)
2026-10-01 20:24:57,268 [INFO]   window=180min threshold=12.0% -> 432 signals, win_rate=47.7%, Wilson lower bound=40.5% (at 99.75% confidence), net_expectancy=N/A (NOT PROFITABLE — excluded from selection)
2026-10-01 20:26:30,794 [INFO]   window=375min threshold=4.0% -> 377 signals, win_rate=77.7%, Wilson lower bound=70.6% (at 99.75% confidence), net_expectancy=N/A (NOT PROFITABLE — excluded from selection)
2026-10-01 20:27:45,436 [INFO]   window=375min threshold=4.0% -> 377 signals, win_rate=77.7%, Wilson lower bound=70.6% (at 99.75% confidence), net_expectancy=N/A (NOT PROFITABLE — excluded from selection)
2026-10-01 20:29:15,595 [INFO]   window=375min threshold=8.5% -> 307 signals, win_rate=68.1%, Wilson lower bound=59.6% (at 99.75% confidence), net_expectancy=N/A (NOT PROFITABLE — excluded from selection)
2026-10-01 20:30:29,618 [INFO]   window=375min threshold=8.5% -> 307 signals, win_rate=68.1%, Wilson lower bound=59.6% (at 99.75% confidence), net_expectancy=N/A (NOT PROFITABLE — excluded from selection)
2026-10-01 20:31:57,825 [INFO]   window=375min threshold=13.0% -> 284 signals, win_rate=63.0%, Wilson lower bound=54.1% (at 99.75% confidence), net_expectancy=N/A (NOT PROFITABLE — excluded from selection)
2026-10-01 20:33:14,020 [INFO]   window=375min threshold=13.0% -> 284 signals, win_rate=63.0%, Wilson lower bound=54.1% (at 99.75% confidence), net_expectancy=N/A (NOT PROFITABLE — excluded from selection)
2026-10-01 20:34:39,790 [INFO]   window=375min threshold=17.0% -> 204 signals, win_rate=55.4%, Wilson lower bound=44.9% (at 99.75% confidence), net_expectancy=N/A (NOT PROFITABLE — excluded from selection)
2026-10-01 20:35:56,084 [INFO]   window=375min threshold=17.0% -> 204 signals, win_rate=55.4%, Wilson lower bound=44.9% (at 99.75% confidence), net_expectancy=N/A (NOT PROFITABLE — excluded from selection)
2026-10-01 20:37:21,547 [INFO]   window=750min threshold=6.0% -> 263 signals, win_rate=75.3%, Wilson lower bound=66.5% (at 99.75% confidence), net_expectancy=N/A (NOT PROFITABLE — excluded from selection)
2026-10-01 20:38:40,060 [INFO]   window=750min threshold=6.0% -> 263 signals, win_rate=75.3%, Wilson lower bound=66.5% (at 99.75% confidence), net_expectancy=N/A (NOT PROFITABLE — excluded from selection)
2026-10-01 20:40:02,148 [INFO]   window=750min threshold=12.0% -> 239 signals, win_rate=69.0%, Wilson lower bound=59.4% (at 99.75% confidence), net_expectancy=N/A (NOT PROFITABLE — excluded from selection)
2026-10-01 20:41:21,091 [INFO]   window=750min threshold=12.0% -> 239 signals, win_rate=69.0%, Wilson lower bound=59.4% (at 99.75% confidence), net_expectancy=N/A (NOT PROFITABLE — excluded from selection)
2026-10-01 20:42:40,785 [INFO]   window=750min threshold=18.0% -> 143 signals, win_rate=60.1%, Wilson lower bound=47.5% (at 99.75% confidence), net_expectancy=N/A (NOT PROFITABLE — excluded from selection)
2026-10-01 20:44:00,687 [INFO]   window=750min threshold=18.0% -> 143 signals, win_rate=60.1%, Wilson lower bound=47.5% (at 99.75% confidence), net_expectancy=N/A (NOT PROFITABLE — excluded from selection)
2026-10-01 20:45:18,732 [INFO]   window=750min threshold=24.0% -> 99 signals, win_rate=56.6%, Wilson lower bound=41.6% (at 99.75% confidence), net_expectancy=N/A (NOT PROFITABLE — excluded from selection)
2026-10-01 20:45:18,816 [INFO] NIFTY: selected window=60min threshold=2.0% (Wilson lower bound 67.3%, net expectancy 13.18%) out of 3/20 profitable candidates
2026-10-01 20:45:19,679 [INFO] NIFTY: single-day profit concentration: {'sufficient': True, 'max_single_day_share_pct': 98.33857445300804, 'n_days_with_trades': 7, 'best_day_pnl_pct': 1661.1294460468375}
2026-10-01 20:45:19,680 [INFO] NIFTY: slippage stress test: {'sufficient': True, 'n_trades_stressed': 108, 'baseline_expectancy_pct': 13.180467754124074, 'stressed_expectancy_pct': {'1.5x': 12.97683836275896, '2.0x': 12.773723222069304}, 'survives_2x_stress': True}
2026-10-01 20:45:19,728 [INFO] NIFTY: wrote C:\AUTOBATAIML\data\model_results_NIFTY.json
2026-10-01 20:45:20,828 [INFO] === CRUDEOILM: starting Phase 2 search ===
2026-10-01 21:01:27,414 [INFO]   window=750min threshold=24.0% -> 99 signals, win_rate=56.6%, Wilson lower bound=41.6% (at 99.75% confidence), net_expectancy=N/A (NOT PROFITABLE — excluded from selection)
2026-10-01 21:01:27,752 [INFO] NIFTY: selected window=60min threshold=2.0% (Wilson lower bound 67.3%, net expectancy 13.18%) out of 3/20 profitable candidates
2026-10-01 21:01:28,542 [INFO] NIFTY: single-day profit concentration: {'sufficient': True, 'max_single_day_share_pct': 98.33857445300804, 'n_days_with_trades': 7, 'best_day_pnl_pct': 1661.1294460468375}
2026-10-01 21:01:28,543 [INFO] NIFTY: slippage stress test: {'sufficient': True, 'n_trades_stressed': 108, 'baseline_expectancy_pct': 13.180467754124074, 'stressed_expectancy_pct': {'1.5x': 12.97683836275896, '2.0x': 12.773723222069304}, 'survives_2x_stress': True}
2026-10-01 21:01:28,557 [INFO] NIFTY: wrote C:\AUTOBATAIML\data\model_results_NIFTY.json
2026-10-01 21:01:29,296 [INFO] === CRUDEOILM: starting Phase 2 search ===
2026-10-01 21:08:27,235 [INFO]   window=15min threshold=1.5% -> 13513 signals, win_rate=51.0%, Wilson lower bound=49.7% (at 99.79% confidence), net_expectancy=-0.66% (NOT PROFITABLE — excluded from selection)
2026-10-01 21:09:59,362 [INFO]   window=15min threshold=1.5% -> 13513 signals, win_rate=51.0%, Wilson lower bound=49.7% (at 99.79% confidence), net_expectancy=-0.66% (NOT PROFITABLE — excluded from selection)
2026-10-01 21:16:11,542 [INFO]   window=15min threshold=2.5% -> 6091 signals, win_rate=27.4%, Wilson lower bound=25.6% (at 99.79% confidence), net_expectancy=-0.62% (NOT PROFITABLE — excluded from selection)
2026-10-01 21:17:33,604 [INFO]   window=15min threshold=2.5% -> 6091 signals, win_rate=27.4%, Wilson lower bound=25.6% (at 99.79% confidence), net_expectancy=-0.62% (NOT PROFITABLE — excluded from selection)
2026-10-01 21:23:42,457 [INFO]   window=15min threshold=4.0% -> 5234 signals, win_rate=9.8%, Wilson lower bound=8.6% (at 99.79% confidence), net_expectancy=-0.48% (NOT PROFITABLE — excluded from selection)
2026-10-01 21:25:15,960 [INFO]   window=15min threshold=4.0% -> 5234 signals, win_rate=9.8%, Wilson lower bound=8.6% (at 99.79% confidence), net_expectancy=-0.48% (NOT PROFITABLE — excluded from selection)
2026-10-01 21:32:21,367 [INFO]   window=15min threshold=5.0% -> 5228 signals, win_rate=4.9%, Wilson lower bound=4.1% (at 99.79% confidence), net_expectancy=-0.46% (NOT PROFITABLE — excluded from selection)
2026-10-01 21:34:09,530 [INFO]   window=15min threshold=5.0% -> 5228 signals, win_rate=4.9%, Wilson lower bound=4.1% (at 99.79% confidence), net_expectancy=-0.46% (NOT PROFITABLE — excluded from selection)
2026-10-01 21:40:42,954 [INFO]   window=60min threshold=2.5% -> 7491 signals, win_rate=55.9%, Wilson lower bound=54.2% (at 99.79% confidence), net_expectancy=-0.26% (NOT PROFITABLE — excluded from selection)
2026-10-01 21:42:21,277 [INFO]   window=60min threshold=2.5% -> 7491 signals, win_rate=55.9%, Wilson lower bound=54.2% (at 99.79% confidence), net_expectancy=-0.26% (NOT PROFITABLE — excluded from selection)
2026-10-01 21:48:13,592 [INFO]   window=60min threshold=5.0% -> 2410 signals, win_rate=34.9%, Wilson lower bound=32.0% (at 99.79% confidence), net_expectancy=-0.28% (NOT PROFITABLE — excluded from selection)
2026-10-01 21:49:45,427 [INFO]   window=60min threshold=5.0% -> 2410 signals, win_rate=34.9%, Wilson lower bound=32.0% (at 99.79% confidence), net_expectancy=-0.28% (NOT PROFITABLE — excluded from selection)
2026-10-01 21:54:57,235 [INFO]   window=60min threshold=8.0% -> 1935 signals, win_rate=17.4%, Wilson lower bound=14.9% (at 99.79% confidence), net_expectancy=-0.17% (NOT PROFITABLE — excluded from selection)
2026-10-01 21:56:34,083 [INFO]   window=60min threshold=8.0% -> 1935 signals, win_rate=17.4%, Wilson lower bound=14.9% (at 99.79% confidence), net_expectancy=-0.17% (NOT PROFITABLE — excluded from selection)
2026-10-01 22:01:49,017 [INFO]   window=60min threshold=10.0% -> 1592 signals, win_rate=12.9%, Wilson lower bound=10.5% (at 99.79% confidence), net_expectancy=-0.70% (NOT PROFITABLE — excluded from selection)
2026-10-01 22:03:55,462 [INFO]   window=60min threshold=10.0% -> 1592 signals, win_rate=12.9%, Wilson lower bound=10.5% (at 99.79% confidence), net_expectancy=-0.70% (NOT PROFITABLE — excluded from selection)
2026-10-01 22:09:25,978 [INFO]   window=870min threshold=10.0% -> 439 signals, win_rate=64.5%, Wilson lower bound=57.2% (at 99.79% confidence), net_expectancy=N/A (NOT PROFITABLE — excluded from selection)
2026-10-01 22:11:26,682 [INFO]   window=870min threshold=10.0% -> 439 signals, win_rate=64.5%, Wilson lower bound=57.2% (at 99.79% confidence), net_expectancy=N/A (NOT PROFITABLE — excluded from selection)
2026-10-01 22:16:19,494 [INFO]   window=870min threshold=20.0% -> 273 signals, win_rate=33.0%, Wilson lower bound=24.9% (at 99.79% confidence), net_expectancy=N/A (NOT PROFITABLE — excluded from selection)
2026-10-01 22:18:08,572 [INFO]   window=870min threshold=20.0% -> 273 signals, win_rate=33.0%, Wilson lower bound=24.9% (at 99.79% confidence), net_expectancy=N/A (NOT PROFITABLE — excluded from selection)
2026-10-01 22:24:14,010 [INFO]   window=870min threshold=30.0% -> 132 signals, win_rate=5.3%, Wilson lower bound=1.8% (at 99.79% confidence), net_expectancy=N/A (NOT PROFITABLE — excluded from selection)
2026-10-01 22:26:25,771 [INFO]   window=870min threshold=30.0% -> 132 signals, win_rate=5.3%, Wilson lower bound=1.8% (at 99.79% confidence), net_expectancy=N/A (NOT PROFITABLE — excluded from selection)
2026-10-01 22:32:09,730 [INFO]   window=870min threshold=40.0% -> 81 signals, win_rate=1.2%, Wilson lower bound=0.1% (at 99.79% confidence), net_expectancy=N/A (NOT PROFITABLE — excluded from selection)
2026-10-01 22:34:09,697 [INFO]   window=870min threshold=40.0% -> 81 signals, win_rate=1.2%, Wilson lower bound=0.1% (at 99.79% confidence), net_expectancy=N/A (NOT PROFITABLE — excluded from selection)
2026-10-01 22:39:20,725 [INFO]   window=2610min threshold=17.0% -> 302 signals, win_rate=50.7%, Wilson lower bound=41.9% (at 99.79% confidence), net_expectancy=2.73% (PROFITABLE)
2026-10-01 22:41:22,670 [INFO]   window=2610min threshold=17.0% -> 302 signals, win_rate=50.7%, Wilson lower bound=41.9% (at 99.79% confidence), net_expectancy=2.73% (PROFITABLE)
2026-10-01 22:46:39,818 [INFO]   window=2610min threshold=34.0% -> 125 signals, win_rate=50.4%, Wilson lower bound=37.1% (at 99.79% confidence), net_expectancy=0.16% (PROFITABLE)
2026-10-01 22:48:39,682 [INFO]   window=2610min threshold=34.0% -> 125 signals, win_rate=50.4%, Wilson lower bound=37.1% (at 99.79% confidence), net_expectancy=0.16% (PROFITABLE)
2026-10-01 22:53:55,794 [INFO]   window=2610min threshold=51.0% -> 37 signals, win_rate=2.7%, Wilson lower bound=0.2% (at 99.79% confidence), net_expectancy=N/A (NOT PROFITABLE — excluded from selection)
2026-10-01 22:56:10,452 [INFO]   window=2610min threshold=51.0% -> 37 signals, win_rate=2.7%, Wilson lower bound=0.2% (at 99.79% confidence), net_expectancy=N/A (NOT PROFITABLE — excluded from selection)
2026-10-01 23:01:07,673 [INFO]   window=2610min threshold=68.0% -> only 1 signals, skipping (need >=10)
2026-10-01 23:03:20,362 [INFO]   window=2610min threshold=68.0% -> only 1 signals, skipping (need >=10)
2026-10-01 23:08:12,881 [INFO]   window=4350min threshold=22.0% -> 107 signals, win_rate=26.2%, Wilson lower bound=15.4% (at 99.79% confidence), net_expectancy=-8.14% (NOT PROFITABLE — excluded from selection)
2026-10-01 23:10:23,609 [INFO]   window=4350min threshold=22.0% -> 107 signals, win_rate=26.2%, Wilson lower bound=15.4% (at 99.79% confidence), net_expectancy=-8.14% (NOT PROFITABLE — excluded from selection)
2026-10-01 23:15:06,285 [INFO]   window=4350min threshold=44.0% -> 71 signals, win_rate=19.7%, Wilson lower bound=9.2% (at 99.79% confidence), net_expectancy=N/A (NOT PROFITABLE — excluded from selection)
2026-10-01 23:17:44,792 [INFO]   window=4350min threshold=44.0% -> 71 signals, win_rate=19.7%, Wilson lower bound=9.2% (at 99.79% confidence), net_expectancy=N/A (NOT PROFITABLE — excluded from selection)
2026-10-01 23:23:06,018 [INFO]   window=4350min threshold=66.0% -> 59 signals, win_rate=18.6%, Wilson lower bound=7.9% (at 99.79% confidence), net_expectancy=N/A (NOT PROFITABLE — excluded from selection)
2026-10-01 23:25:25,592 [INFO]   window=4350min threshold=66.0% -> 59 signals, win_rate=18.6%, Wilson lower bound=7.9% (at 99.79% confidence), net_expectancy=N/A (NOT PROFITABLE — excluded from selection)
2026-10-01 23:30:59,256 [INFO]   window=4350min threshold=88.0% -> 124 signals, win_rate=0.0%, Wilson lower bound=-0.0% (at 99.79% confidence), net_expectancy=-4.11% (NOT PROFITABLE — excluded from selection)
2026-10-01 23:33:31,699 [INFO]   window=4350min threshold=88.0% -> 124 signals, win_rate=0.0%, Wilson lower bound=-0.0% (at 99.79% confidence), net_expectancy=-4.11% (NOT PROFITABLE — excluded from selection)
2026-10-01 23:37:24,358 [INFO]   window=8700min threshold=31.0% -> only 0 signals, skipping (need >=10)
2026-10-01 23:39:46,718 [INFO]   window=8700min threshold=31.0% -> only 0 signals, skipping (need >=10)
2026-10-01 23:44:12,264 [INFO]   window=8700min threshold=62.0% -> only 0 signals, skipping (need >=10)
2026-10-01 23:47:24,621 [INFO]   window=8700min threshold=62.0% -> only 0 signals, skipping (need >=10)
2026-10-01 23:52:06,251 [INFO]   window=8700min threshold=93.0% -> only 0 signals, skipping (need >=10)
2026-10-01 23:54:32,231 [INFO]   window=8700min threshold=93.0% -> only 0 signals, skipping (need >=10)
2026-10-01 23:58:30,472 [INFO]   window=8700min threshold=100.0% -> only 0 signals, skipping (need >=10)
2026-10-01 23:58:30,536 [INFO] CRUDEOILM: selected window=2610min threshold=17.0% (Wilson lower bound 41.9%, net expectancy 2.73%) out of 2/19 profitable candidates
2026-10-01 23:58:31,224 [INFO] CRUDEOILM: single-day profit concentration: {'sufficient': True, 'max_single_day_share_pct': 79.79622901994152, 'n_days_with_trades': 3, 'best_day_pnl_pct': 344.424548543059}
2026-10-01 23:58:31,225 [INFO] CRUDEOILM: slippage stress test: {'sufficient': True, 'n_trades_stressed': 158, 'baseline_expectancy_pct': 2.731836119002514, 'stressed_expectancy_pct': {'1.5x': 2.3070556127712, '2.0x': 1.9040700753434185}, 'survives_2x_stress': True}
2026-10-01 23:58:31,291 [INFO] CRUDEOILM: wrote C:\AUTOBATAIML\data\model_results_CRUDEOILM.json
2026-10-02 00:00:41,784 [INFO]   window=8700min threshold=100.0% -> only 0 signals, skipping (need >=10)
2026-10-02 00:00:41,869 [INFO] CRUDEOILM: selected window=2610min threshold=17.0% (Wilson lower bound 41.9%, net expectancy 2.73%) out of 2/19 profitable candidates
2026-10-02 00:00:43,025 [INFO] CRUDEOILM: single-day profit concentration: {'sufficient': True, 'max_single_day_share_pct': 79.79622901994152, 'n_days_with_trades': 3, 'best_day_pnl_pct': 344.424548543059}
2026-10-02 00:00:43,026 [INFO] CRUDEOILM: slippage stress test: {'sufficient': True, 'n_trades_stressed': 158, 'baseline_expectancy_pct': 2.731836119002514, 'stressed_expectancy_pct': {'1.5x': 2.3070556127712, '2.0x': 1.9040700753434185}, 'survives_2x_stress': True}
2026-10-02 00:00:43,079 [INFO] CRUDEOILM: wrote C:\AUTOBATAIML\data\model_results_CRUDEOILM.json
2026-10-03 03:48:43,300 [INFO] === NIFTY: starting Phase 2 search ===
2026-10-03 03:50:14,951 [INFO]   window=15min threshold=1.0% -> 9228 signals, win_rate=72.2%, Wilson lower bound=70.7% (at 99.75% confidence), net_expectancy=-1.36% (NOT PROFITABLE — excluded from selection)
2026-10-03 03:51:43,643 [INFO]   window=15min threshold=2.0% -> 7022 signals, win_rate=61.6%, Wilson lower bound=59.8% (at 99.75% confidence), net_expectancy=-1.14% (NOT PROFITABLE — excluded from selection)
2026-10-03 03:53:10,962 [INFO]   window=15min threshold=2.5% -> 5497 signals, win_rate=58.1%, Wilson lower bound=56.1% (at 99.75% confidence), net_expectancy=-0.86% (NOT PROFITABLE — excluded from selection)
2026-10-03 03:54:36,819 [INFO]   window=15min threshold=3.5% -> 2766 signals, win_rate=51.6%, Wilson lower bound=48.8% (at 99.75% confidence), net_expectancy=-0.09% (NOT PROFITABLE — excluded from selection)
2026-10-03 03:56:05,615 [INFO]   window=60min threshold=2.0% -> 2348 signals, win_rate=70.7%, Wilson lower bound=67.8% (at 99.75% confidence), net_expectancy=13.18% (PROFITABLE)
2026-10-03 03:57:33,219 [INFO]   window=60min threshold=3.5% -> 1993 signals, win_rate=61.4%, Wilson lower bound=58.0% (at 99.75% confidence), net_expectancy=15.98% (PROFITABLE)
2026-10-03 03:59:00,211 [INFO]   window=60min threshold=5.0% -> 1404 signals, win_rate=56.4%, Wilson lower bound=52.4% (at 99.75% confidence), net_expectancy=25.25% (PROFITABLE)
2026-10-03 04:00:26,204 [INFO]   window=60min threshold=7.0% -> 846 signals, win_rate=53.5%, Wilson lower bound=48.4% (at 99.75% confidence), net_expectancy=N/A (NOT PROFITABLE — excluded from selection)
2026-10-03 04:01:54,063 [INFO]   window=180min threshold=3.0% -> 887 signals, win_rate=69.4%, Wilson lower bound=64.6% (at 99.75% confidence), net_expectancy=N/A (NOT PROFITABLE — excluded from selection)
2026-10-03 04:03:20,347 [INFO]   window=180min threshold=6.0% -> 645 signals, win_rate=61.1%, Wilson lower bound=55.2% (at 99.75% confidence), net_expectancy=N/A (NOT PROFITABLE — excluded from selection)
2026-10-03 04:04:46,156 [INFO]   window=180min threshold=9.0% -> 521 signals, win_rate=52.6%, Wilson lower bound=46.0% (at 99.75% confidence), net_expectancy=N/A (NOT PROFITABLE — excluded from selection)
2026-10-03 04:06:11,066 [INFO]   window=180min threshold=12.0% -> 434 signals, win_rate=47.9%, Wilson lower bound=40.8% (at 99.75% confidence), net_expectancy=N/A (NOT PROFITABLE — excluded from selection)
2026-10-03 04:07:36,948 [INFO]   window=375min threshold=4.0% -> 441 signals, win_rate=80.0%, Wilson lower bound=73.7% (at 99.75% confidence), net_expectancy=N/A (NOT PROFITABLE — excluded from selection)
2026-10-03 04:09:01,062 [INFO]   window=375min threshold=8.5% -> 362 signals, win_rate=70.2%, Wilson lower bound=62.5% (at 99.75% confidence), net_expectancy=N/A (NOT PROFITABLE — excluded from selection)
2026-10-03 04:10:23,952 [INFO]   window=375min threshold=13.0% -> 338 signals, win_rate=64.8%, Wilson lower bound=56.6% (at 99.75% confidence), net_expectancy=N/A (NOT PROFITABLE — excluded from selection)
2026-10-03 04:11:46,143 [INFO]   window=375min threshold=17.0% -> 258 signals, win_rate=57.4%, Wilson lower bound=48.0% (at 99.75% confidence), net_expectancy=N/A (NOT PROFITABLE — excluded from selection)
2026-10-03 04:13:09,720 [INFO]   window=750min threshold=6.0% -> 323 signals, win_rate=77.7%, Wilson lower bound=70.0% (at 99.75% confidence), net_expectancy=N/A (NOT PROFITABLE — excluded from selection)
2026-10-03 04:14:32,971 [INFO]   window=750min threshold=12.0% -> 293 signals, win_rate=70.0%, Wilson lower bound=61.4% (at 99.75% confidence), net_expectancy=N/A (NOT PROFITABLE — excluded from selection)
2026-10-03 04:15:55,222 [INFO]   window=750min threshold=18.0% -> 190 signals, win_rate=59.5%, Wilson lower bound=48.5% (at 99.75% confidence), net_expectancy=N/A (NOT PROFITABLE — excluded from selection)
2026-10-03 04:17:17,605 [INFO]   window=750min threshold=24.0% -> 122 signals, win_rate=55.7%, Wilson lower bound=42.2% (at 99.75% confidence), net_expectancy=N/A (NOT PROFITABLE — excluded from selection)
2026-10-03 04:17:17,605 [INFO] NIFTY: selected window=60min threshold=2.0% (Wilson lower bound 67.8%, net expectancy 13.18%) out of 3/20 profitable candidates
2026-10-03 04:17:17,702 [INFO] NIFTY: single-day profit concentration: {'sufficient': True, 'max_single_day_share_pct': 98.33857445300804, 'n_days_with_trades': 7, 'best_day_pnl_pct': 1661.1294460468375}
2026-10-03 04:17:17,702 [INFO] NIFTY: slippage stress test: {'sufficient': True, 'n_trades_stressed': 108, 'baseline_expectancy_pct': 13.18046775412407, 'stressed_expectancy_pct': {'1.5x': 12.976838362758963, '2.0x': 12.773723222069304}, 'survives_2x_stress': True}
2026-10-03 04:17:17,702 [INFO] NIFTY: wrote /home/runner/work/AUTOBOTAIML/AUTOBOTAIML/data/model_results_NIFTY.json
2026-10-03 04:17:17,730 [INFO] === CRUDEOILM: starting Phase 2 search ===
2026-10-03 04:20:51,498 [INFO]   window=15min threshold=1.5% -> 14284 signals, win_rate=51.0%, Wilson lower bound=49.7% (at 99.79% confidence), net_expectancy=-0.65% (NOT PROFITABLE — excluded from selection)
2026-10-03 04:24:17,761 [INFO]   window=15min threshold=2.5% -> 6284 signals, win_rate=27.9%, Wilson lower bound=26.2% (at 99.79% confidence), net_expectancy=-0.62% (NOT PROFITABLE — excluded from selection)
2026-10-03 04:27:44,392 [INFO]   window=15min threshold=4.0% -> 5234 signals, win_rate=9.8%, Wilson lower bound=8.6% (at 99.79% confidence), net_expectancy=-0.48% (NOT PROFITABLE — excluded from selection)
2026-10-03 04:31:12,672 [INFO]   window=15min threshold=5.0% -> 5228 signals, win_rate=4.9%, Wilson lower bound=4.1% (at 99.79% confidence), net_expectancy=-0.46% (NOT PROFITABLE — excluded from selection)
2026-10-03 04:34:53,655 [INFO]   window=60min threshold=2.5% -> 7743 signals, win_rate=56.2%, Wilson lower bound=54.5% (at 99.79% confidence), net_expectancy=-0.26% (NOT PROFITABLE — excluded from selection)
2026-10-03 04:38:21,911 [INFO]   window=60min threshold=5.0% -> 2553 signals, win_rate=36.3%, Wilson lower bound=33.4% (at 99.79% confidence), net_expectancy=-0.32% (NOT PROFITABLE — excluded from selection)
2026-10-03 04:41:51,649 [INFO]   window=60min threshold=8.0% -> 2016 signals, win_rate=18.0%, Wilson lower bound=15.5% (at 99.79% confidence), net_expectancy=-0.17% (NOT PROFITABLE — excluded from selection)
2026-10-03 04:45:21,585 [INFO]   window=60min threshold=10.0% -> 1635 signals, win_rate=13.6%, Wilson lower bound=11.2% (at 99.79% confidence), net_expectancy=-0.72% (NOT PROFITABLE — excluded from selection)
2026-10-03 04:48:47,281 [INFO]   window=870min threshold=10.0% -> 503 signals, win_rate=64.6%, Wilson lower bound=57.8% (at 99.79% confidence), net_expectancy=N/A (NOT PROFITABLE — excluded from selection)
2026-10-03 04:52:06,745 [INFO]   window=870min threshold=20.0% -> 330 signals, win_rate=34.5%, Wilson lower bound=27.0% (at 99.79% confidence), net_expectancy=N/A (NOT PROFITABLE — excluded from selection)
2026-10-03 04:55:26,015 [INFO]   window=870min threshold=30.0% -> 194 signals, win_rate=15.5%, Wilson lower bound=9.1% (at 99.79% confidence), net_expectancy=N/A (NOT PROFITABLE — excluded from selection)
2026-10-03 04:58:44,939 [INFO]   window=870min threshold=40.0% -> 143 signals, win_rate=16.1%, Wilson lower bound=8.8% (at 99.79% confidence), net_expectancy=N/A (NOT PROFITABLE — excluded from selection)
2026-10-03 05:02:00,091 [INFO]   window=2610min threshold=17.0% -> 362 signals, win_rate=48.9%, Wilson lower bound=40.9% (at 99.79% confidence), net_expectancy=2.18% (PROFITABLE)
2026-10-03 05:05:11,335 [INFO]   window=2610min threshold=34.0% -> 181 signals, win_rate=45.3%, Wilson lower bound=34.4% (at 99.79% confidence), net_expectancy=0.74% (PROFITABLE)
2026-10-03 05:08:19,453 [INFO]   window=2610min threshold=51.0% -> 51 signals, win_rate=2.0%, Wilson lower bound=0.2% (at 99.79% confidence), net_expectancy=N/A (NOT PROFITABLE — excluded from selection)
2026-10-03 05:11:28,956 [INFO]   window=2610min threshold=68.0% -> only 7 signals, skipping (need >=10)
2026-10-03 05:14:31,574 [INFO]   window=4350min threshold=22.0% -> 183 signals, win_rate=31.7%, Wilson lower bound=22.2% (at 99.79% confidence), net_expectancy=-5.86% (NOT PROFITABLE — excluded from selection)
2026-10-03 05:17:30,458 [INFO]   window=4350min threshold=44.0% -> 98 signals, win_rate=21.4%, Wilson lower bound=11.5% (at 99.79% confidence), net_expectancy=N/A (NOT PROFITABLE — excluded from selection)
2026-10-03 05:20:28,632 [INFO]   window=4350min threshold=66.0% -> 59 signals, win_rate=18.6%, Wilson lower bound=7.9% (at 99.79% confidence), net_expectancy=N/A (NOT PROFITABLE — excluded from selection)
2026-10-03 05:23:29,066 [INFO]   window=4350min threshold=88.0% -> 125 signals, win_rate=0.0%, Wilson lower bound=0.0% (at 99.79% confidence), net_expectancy=-4.11% (NOT PROFITABLE — excluded from selection)
2026-10-03 05:26:07,360 [INFO]   window=8700min threshold=31.0% -> only 0 signals, skipping (need >=10)
2026-10-03 05:28:45,752 [INFO]   window=8700min threshold=62.0% -> only 0 signals, skipping (need >=10)
2026-10-03 05:31:24,506 [INFO]   window=8700min threshold=93.0% -> only 0 signals, skipping (need >=10)
2026-10-03 05:34:03,042 [INFO]   window=8700min threshold=100.0% -> only 0 signals, skipping (need >=10)
2026-10-03 05:34:03,042 [INFO] CRUDEOILM: selected window=2610min threshold=17.0% (Wilson lower bound 40.9%, net expectancy 2.18%) out of 2/19 profitable candidates
2026-10-03 05:34:03,089 [INFO] CRUDEOILM: single-day profit concentration: {'sufficient': True, 'max_single_day_share_pct': 72.63520200829834, 'n_days_with_trades': 4, 'best_day_pnl_pct': 344.424548543059}
2026-10-03 05:34:03,090 [INFO] CRUDEOILM: slippage stress test: {'sufficient': True, 'n_trades_stressed': 213, 'baseline_expectancy_pct': 2.1800213193674653, 'stressed_expectancy_pct': {'1.5x': 1.791921892150282, '2.0x': 1.420287261050465}, 'survives_2x_stress': True}
2026-10-03 05:34:03,090 [INFO] CRUDEOILM: wrote /home/runner/work/AUTOBOTAIML/AUTOBOTAIML/data/model_results_CRUDEOILM.json
2026-10-06 05:38:11,055 [INFO] === NIFTY: starting Phase 2 search ===
2026-10-06 05:39:48,434 [INFO]   window=15min threshold=1.0% -> 9981 signals, win_rate=72.6%, Wilson lower bound=71.2% (at 99.75% confidence), net_expectancy=-1.33% (NOT PROFITABLE — excluded from selection)
2026-10-06 05:41:21,973 [INFO]   window=15min threshold=2.0% -> 7726 signals, win_rate=62.8%, Wilson lower bound=61.1% (at 99.75% confidence), net_expectancy=-1.12% (NOT PROFITABLE — excluded from selection)
2026-10-06 05:42:55,091 [INFO]   window=15min threshold=2.5% -> 6082 signals, win_rate=59.7%, Wilson lower bound=57.8% (at 99.75% confidence), net_expectancy=-0.88% (NOT PROFITABLE — excluded from selection)
2026-10-06 05:44:25,363 [INFO]   window=15min threshold=3.5% -> 3168 signals, win_rate=53.8%, Wilson lower bound=51.1% (at 99.75% confidence), net_expectancy=0.44% (PROFITABLE)
2026-10-06 05:45:59,326 [INFO]   window=60min threshold=2.0% -> 2563 signals, win_rate=71.8%, Wilson lower bound=69.0% (at 99.75% confidence), net_expectancy=13.18% (PROFITABLE)
2026-10-06 05:47:32,857 [INFO]   window=60min threshold=3.5% -> 2207 signals, win_rate=63.0%, Wilson lower bound=59.8% (at 99.75% confidence), net_expectancy=15.98% (PROFITABLE)
2026-10-06 05:49:04,961 [INFO]   window=60min threshold=5.0% -> 1590 signals, win_rate=58.6%, Wilson lower bound=54.8% (at 99.75% confidence), net_expectancy=25.01% (PROFITABLE)
2026-10-06 05:50:35,718 [INFO]   window=60min threshold=7.0% -> 947 signals, win_rate=56.4%, Wilson lower bound=51.5% (at 99.75% confidence), net_expectancy=N/A (NOT PROFITABLE — excluded from selection)
2026-10-06 05:52:08,477 [INFO]   window=180min threshold=3.0% -> 971 signals, win_rate=69.3%, Wilson lower bound=64.7% (at 99.75% confidence), net_expectancy=N/A (NOT PROFITABLE — excluded from selection)
2026-10-06 05:53:40,884 [INFO]   window=180min threshold=6.0% -> 728 signals, win_rate=62.0%, Wilson lower bound=56.4% (at 99.75% confidence), net_expectancy=N/A (NOT PROFITABLE — excluded from selection)
2026-10-06 05:55:11,648 [INFO]   window=180min threshold=9.0% -> 594 signals, win_rate=53.9%, Wilson lower bound=47.7% (at 99.75% confidence), net_expectancy=N/A (NOT PROFITABLE — excluded from selection)
2026-10-06 05:56:42,460 [INFO]   window=180min threshold=12.0% -> 502 signals, win_rate=49.4%, Wilson lower bound=42.7% (at 99.75% confidence), net_expectancy=N/A (NOT PROFITABLE — excluded from selection)
2026-10-06 05:58:13,493 [INFO]   window=375min threshold=4.0% -> 488 signals, win_rate=80.3%, Wilson lower bound=74.4% (at 99.75% confidence), net_expectancy=N/A (NOT PROFITABLE — excluded from selection)
2026-10-06 05:59:43,033 [INFO]   window=375min threshold=8.5% -> 409 signals, win_rate=70.9%, Wilson lower bound=63.7% (at 99.75% confidence), net_expectancy=N/A (NOT PROFITABLE — excluded from selection)
2026-10-06 06:01:11,792 [INFO]   window=375min threshold=13.0% -> 385 signals, win_rate=64.4%, Wilson lower bound=56.8% (at 99.75% confidence), net_expectancy=N/A (NOT PROFITABLE — excluded from selection)
2026-10-06 06:02:39,257 [INFO]   window=375min threshold=17.0% -> 305 signals, win_rate=57.4%, Wilson lower bound=48.7% (at 99.75% confidence), net_expectancy=N/A (NOT PROFITABLE — excluded from selection)
2026-10-06 06:04:07,796 [INFO]   window=750min threshold=6.0% -> 323 signals, win_rate=77.7%, Wilson lower bound=70.0% (at 99.75% confidence), net_expectancy=N/A (NOT PROFITABLE — excluded from selection)
2026-10-06 06:05:36,185 [INFO]   window=750min threshold=12.0% -> 293 signals, win_rate=70.0%, Wilson lower bound=61.4% (at 99.75% confidence), net_expectancy=N/A (NOT PROFITABLE — excluded from selection)
2026-10-06 06:07:02,841 [INFO]   window=750min threshold=18.0% -> 190 signals, win_rate=59.5%, Wilson lower bound=48.5% (at 99.75% confidence), net_expectancy=N/A (NOT PROFITABLE — excluded from selection)
2026-10-06 06:08:29,933 [INFO]   window=750min threshold=24.0% -> 122 signals, win_rate=55.7%, Wilson lower bound=42.2% (at 99.75% confidence), net_expectancy=N/A (NOT PROFITABLE — excluded from selection)
2026-10-06 06:08:29,933 [INFO] NIFTY: selected window=60min threshold=2.0% (Wilson lower bound 69.0%, net expectancy 13.18%) out of 4/20 profitable candidates
2026-10-06 06:08:30,028 [INFO] NIFTY: single-day profit concentration: {'sufficient': True, 'max_single_day_share_pct': 98.33857445300804, 'n_days_with_trades': 7, 'best_day_pnl_pct': 1661.1294460468375}
2026-10-06 06:08:30,028 [INFO] NIFTY: slippage stress test: {'sufficient': True, 'n_trades_stressed': 108, 'baseline_expectancy_pct': 13.18046775412407, 'stressed_expectancy_pct': {'1.5x': 12.976838362758963, '2.0x': 12.773723222069304}, 'survives_2x_stress': True}
2026-10-06 06:08:30,029 [INFO] NIFTY: wrote /home/runner/work/AUTOBOTAIML/AUTOBOTAIML/data/model_results_NIFTY.json
2026-10-06 06:08:30,064 [INFO] === CRUDEOILM: starting Phase 2 search ===
2026-10-06 06:12:19,614 [INFO]   window=15min threshold=1.5% -> 16983 signals, win_rate=51.6%, Wilson lower bound=50.4% (at 99.79% confidence), net_expectancy=-0.62% (NOT PROFITABLE — excluded from selection)
2026-10-06 06:15:58,509 [INFO]   window=15min threshold=2.5% -> 7571 signals, win_rate=29.8%, Wilson lower bound=28.2% (at 99.79% confidence), net_expectancy=-0.55% (NOT PROFITABLE — excluded from selection)
2026-10-06 06:19:37,650 [INFO]   window=15min threshold=4.0% -> 5527 signals, win_rate=10.7%, Wilson lower bound=9.5% (at 99.79% confidence), net_expectancy=-0.50% (NOT PROFITABLE — excluded from selection)
2026-10-06 06:23:17,111 [INFO]   window=15min threshold=5.0% -> 5347 signals, win_rate=5.2%, Wilson lower bound=4.3% (at 99.79% confidence), net_expectancy=-0.47% (NOT PROFITABLE — excluded from selection)
2026-10-06 06:27:10,714 [INFO]   window=60min threshold=2.5% -> 8458 signals, win_rate=56.6%, Wilson lower bound=54.9% (at 99.79% confidence), net_expectancy=-0.42% (NOT PROFITABLE — excluded from selection)
2026-10-06 06:30:54,360 [INFO]   window=60min threshold=5.0% -> 3098 signals, win_rate=37.0%, Wilson lower bound=34.3% (at 99.79% confidence), net_expectancy=-0.46% (NOT PROFITABLE — excluded from selection)
2026-10-06 06:34:36,196 [INFO]   window=60min threshold=8.0% -> 2224 signals, win_rate=18.5%, Wilson lower bound=16.1% (at 99.79% confidence), net_expectancy=-0.05% (NOT PROFITABLE — excluded from selection)
2026-10-06 06:38:16,222 [INFO]   window=60min threshold=10.0% -> 1763 signals, win_rate=14.5%, Wilson lower bound=12.1% (at 99.79% confidence), net_expectancy=-0.80% (NOT PROFITABLE — excluded from selection)
2026-10-06 06:41:55,706 [INFO]   window=870min threshold=10.0% -> 503 signals, win_rate=64.6%, Wilson lower bound=57.8% (at 99.79% confidence), net_expectancy=N/A (NOT PROFITABLE — excluded from selection)
2026-10-06 06:45:26,803 [INFO]   window=870min threshold=20.0% -> 330 signals, win_rate=34.5%, Wilson lower bound=27.0% (at 99.79% confidence), net_expectancy=N/A (NOT PROFITABLE — excluded from selection)
2026-10-06 06:48:57,937 [INFO]   window=870min threshold=30.0% -> 194 signals, win_rate=15.5%, Wilson lower bound=9.1% (at 99.79% confidence), net_expectancy=N/A (NOT PROFITABLE — excluded from selection)
2026-10-06 06:52:29,410 [INFO]   window=870min threshold=40.0% -> 143 signals, win_rate=16.1%, Wilson lower bound=8.8% (at 99.79% confidence), net_expectancy=N/A (NOT PROFITABLE — excluded from selection)
2026-10-06 06:56:08,344 [INFO]   window=2610min threshold=17.0% -> 426 signals, win_rate=47.9%, Wilson lower bound=40.6% (at 99.79% confidence), net_expectancy=-0.81% (NOT PROFITABLE — excluded from selection)
2026-10-06 06:59:40,522 [INFO]   window=2610min threshold=34.0% -> 239 signals, win_rate=43.9%, Wilson lower bound=34.5% (at 99.79% confidence), net_expectancy=-3.32% (NOT PROFITABLE — excluded from selection)
2026-10-06 07:03:09,939 [INFO]   window=2610min threshold=51.0% -> 65 signals, win_rate=12.3%, Wilson lower bound=4.4% (at 99.79% confidence), net_expectancy=-15.00% (NOT PROFITABLE — excluded from selection)
2026-10-06 07:06:41,393 [INFO]   window=2610min threshold=68.0% -> 19 signals, win_rate=0.0%, Wilson lower bound=0.0% (at 99.79% confidence), net_expectancy=N/A (NOT PROFITABLE — excluded from selection)
2026-10-06 07:10:16,764 [INFO]   window=4350min threshold=22.0% -> 306 signals, win_rate=34.6%, Wilson lower bound=26.8% (at 99.79% confidence), net_expectancy=-7.69% (NOT PROFITABLE — excluded from selection)
2026-10-06 07:13:47,977 [INFO]   window=4350min threshold=44.0% -> 205 signals, win_rate=21.0%, Wilson lower bound=13.6% (at 99.79% confidence), net_expectancy=-0.96% (NOT PROFITABLE — excluded from selection)
2026-10-06 07:17:15,775 [INFO]   window=4350min threshold=66.0% -> 90 signals, win_rate=15.6%, Wilson lower bound=7.2% (at 99.79% confidence), net_expectancy=N/A (NOT PROFITABLE — excluded from selection)
2026-10-06 07:20:47,368 [INFO]   window=4350min threshold=88.0% -> 152 signals, win_rate=0.0%, Wilson lower bound=0.0% (at 99.79% confidence), net_expectancy=-5.44% (NOT PROFITABLE — excluded from selection)
2026-10-06 07:23:48,466 [INFO]   window=8700min threshold=31.0% -> 68 signals, win_rate=66.2%, Wilson lower bound=47.5% (at 99.79% confidence), net_expectancy=N/A (NOT PROFITABLE — excluded from selection)
2026-10-06 07:26:49,138 [INFO]   window=8700min threshold=62.0% -> 68 signals, win_rate=0.0%, Wilson lower bound=0.0% (at 99.79% confidence), net_expectancy=N/A (NOT PROFITABLE — excluded from selection)
2026-10-06 07:29:51,433 [INFO]   window=8700min threshold=93.0% -> 130 signals, win_rate=0.0%, Wilson lower bound=-0.0% (at 99.79% confidence), net_expectancy=-7.66% (NOT PROFITABLE — excluded from selection)
2026-10-06 07:32:53,627 [INFO]   window=8700min threshold=100.0% -> 134 signals, win_rate=0.0%, Wilson lower bound=0.0% (at 99.79% confidence), net_expectancy=-0.82% (NOT PROFITABLE — excluded from selection)
2026-10-06 07:32:53,627 [INFO] CRUDEOILM: NONE of the 24 tested combinations were net profitable after real ask/bid-priced costs — even the statistically strongest win rate lost money. Writing no results file rather than selecting a confirmed loser. This is a legitimate, honest outcome, not a bug.
2026-10-07 04:12:23,949 [INFO] === NIFTY: starting Phase 2 search ===
2026-10-07 04:14:08,768 [INFO]   window=15min threshold=1.0% -> 9981 signals, win_rate=72.6%, Wilson lower bound=71.2% (at 99.75% confidence), net_expectancy=-1.33% (NOT PROFITABLE — excluded from selection)
2026-10-07 04:15:50,711 [INFO]   window=15min threshold=2.0% -> 7726 signals, win_rate=62.8%, Wilson lower bound=61.1% (at 99.75% confidence), net_expectancy=-1.12% (NOT PROFITABLE — excluded from selection)
2026-10-07 04:17:31,939 [INFO]   window=15min threshold=2.5% -> 6082 signals, win_rate=59.7%, Wilson lower bound=57.8% (at 99.75% confidence), net_expectancy=-0.88% (NOT PROFITABLE — excluded from selection)
2026-10-07 04:19:11,005 [INFO]   window=15min threshold=3.5% -> 3168 signals, win_rate=53.8%, Wilson lower bound=51.1% (at 99.75% confidence), net_expectancy=0.44% (PROFITABLE)
2026-10-07 04:20:53,423 [INFO]   window=60min threshold=2.0% -> 2567 signals, win_rate=71.8%, Wilson lower bound=69.0% (at 99.75% confidence), net_expectancy=13.18% (PROFITABLE)
2026-10-07 04:22:36,081 [INFO]   window=60min threshold=3.5% -> 2211 signals, win_rate=63.0%, Wilson lower bound=59.8% (at 99.75% confidence), net_expectancy=15.98% (PROFITABLE)
2026-10-07 04:24:14,141 [INFO]   window=60min threshold=5.0% -> 1590 signals, win_rate=58.6%, Wilson lower bound=54.8% (at 99.75% confidence), net_expectancy=25.01% (PROFITABLE)
2026-10-07 04:25:51,114 [INFO]   window=60min threshold=7.0% -> 947 signals, win_rate=56.4%, Wilson lower bound=51.5% (at 99.75% confidence), net_expectancy=N/A (NOT PROFITABLE — excluded from selection)
2026-10-07 04:27:30,457 [INFO]   window=180min threshold=3.0% -> 976 signals, win_rate=69.2%, Wilson lower bound=64.5% (at 99.75% confidence), net_expectancy=N/A (NOT PROFITABLE — excluded from selection)
2026-10-07 04:29:09,082 [INFO]   window=180min threshold=6.0% -> 728 signals, win_rate=62.0%, Wilson lower bound=56.4% (at 99.75% confidence), net_expectancy=N/A (NOT PROFITABLE — excluded from selection)
2026-10-07 04:30:46,404 [INFO]   window=180min threshold=9.0% -> 594 signals, win_rate=53.9%, Wilson lower bound=47.7% (at 99.75% confidence), net_expectancy=N/A (NOT PROFITABLE — excluded from selection)
2026-10-07 04:32:22,951 [INFO]   window=180min threshold=12.0% -> 502 signals, win_rate=49.4%, Wilson lower bound=42.7% (at 99.75% confidence), net_expectancy=N/A (NOT PROFITABLE — excluded from selection)
2026-10-07 04:34:00,702 [INFO]   window=375min threshold=4.0% -> 492 signals, win_rate=80.1%, Wilson lower bound=74.1% (at 99.75% confidence), net_expectancy=N/A (NOT PROFITABLE — excluded from selection)
2026-10-07 04:35:35,556 [INFO]   window=375min threshold=8.5% -> 413 signals, win_rate=70.5%, Wilson lower bound=63.3% (at 99.75% confidence), net_expectancy=N/A (NOT PROFITABLE — excluded from selection)
2026-10-07 04:37:10,485 [INFO]   window=375min threshold=13.0% -> 389 signals, win_rate=64.0%, Wilson lower bound=56.4% (at 99.75% confidence), net_expectancy=N/A (NOT PROFITABLE — excluded from selection)
2026-10-07 04:38:44,772 [INFO]   window=375min threshold=17.0% -> 309 signals, win_rate=57.0%, Wilson lower bound=48.4% (at 99.75% confidence), net_expectancy=N/A (NOT PROFITABLE — excluded from selection)
2026-10-07 04:40:21,172 [INFO]   window=750min threshold=6.0% -> 374 signals, win_rate=78.1%, Wilson lower bound=71.0% (at 99.75% confidence), net_expectancy=N/A (NOT PROFITABLE — excluded from selection)
2026-10-07 04:41:55,309 [INFO]   window=750min threshold=12.0% -> 344 signals, win_rate=68.9%, Wilson lower bound=60.9% (at 99.75% confidence), net_expectancy=N/A (NOT PROFITABLE — excluded from selection)
2026-10-07 04:43:28,060 [INFO]   window=750min threshold=18.0% -> 241 signals, win_rate=58.1%, Wilson lower bound=48.4% (at 99.75% confidence), net_expectancy=N/A (NOT PROFITABLE — excluded from selection)
2026-10-07 04:45:01,311 [INFO]   window=750min threshold=24.0% -> 171 signals, win_rate=52.6%, Wilson lower bound=41.2% (at 99.75% confidence), net_expectancy=N/A (NOT PROFITABLE — excluded from selection)
2026-10-07 04:45:01,311 [INFO] NIFTY: selected window=60min threshold=2.0% (Wilson lower bound 69.0%, net expectancy 13.18%) out of 4/20 profitable candidates
2026-10-07 04:45:01,410 [INFO] NIFTY: single-day profit concentration: {'sufficient': True, 'max_single_day_share_pct': 98.33857445300804, 'n_days_with_trades': 7, 'best_day_pnl_pct': 1661.1294460468375}
2026-10-07 04:45:01,410 [INFO] NIFTY: slippage stress test: {'sufficient': True, 'n_trades_stressed': 108, 'baseline_expectancy_pct': 13.18046775412407, 'stressed_expectancy_pct': {'1.5x': 12.976838362758963, '2.0x': 12.773723222069304}, 'survives_2x_stress': True}
2026-10-07 04:45:01,410 [INFO] NIFTY: wrote /home/runner/work/AUTOBOTAIML/AUTOBOTAIML/data/model_results_NIFTY.json
2026-10-07 04:45:01,438 [INFO] === CRUDEOILM: starting Phase 2 search ===
2026-10-07 04:49:07,211 [INFO]   window=15min threshold=1.5% -> 19502 signals, win_rate=52.1%, Wilson lower bound=51.0% (at 99.79% confidence), net_expectancy=-0.52% (NOT PROFITABLE — excluded from selection)
2026-10-07 04:53:04,724 [INFO]   window=15min threshold=2.5% -> 8109 signals, win_rate=30.9%, Wilson lower bound=29.3% (at 99.79% confidence), net_expectancy=-0.44% (NOT PROFITABLE — excluded from selection)
2026-10-07 04:57:00,431 [INFO]   window=15min threshold=4.0% -> 5576 signals, win_rate=10.8%, Wilson lower bound=9.6% (at 99.79% confidence), net_expectancy=-0.50% (NOT PROFITABLE — excluded from selection)
2026-10-07 05:00:57,235 [INFO]   window=15min threshold=5.0% -> 5366 signals, win_rate=5.2%, Wilson lower bound=4.3% (at 99.79% confidence), net_expectancy=-0.47% (NOT PROFITABLE — excluded from selection)
2026-10-07 05:05:13,362 [INFO]   window=60min threshold=2.5% -> 9193 signals, win_rate=57.0%, Wilson lower bound=55.4% (at 99.79% confidence), net_expectancy=-0.45% (NOT PROFITABLE — excluded from selection)
2026-10-07 05:09:16,903 [INFO]   window=60min threshold=5.0% -> 3459 signals, win_rate=36.9%, Wilson lower bound=34.4% (at 99.79% confidence), net_expectancy=-0.56% (NOT PROFITABLE — excluded from selection)
2026-10-07 05:13:16,861 [INFO]   window=60min threshold=8.0% -> 2352 signals, win_rate=19.1%, Wilson lower bound=16.7% (at 99.79% confidence), net_expectancy=-0.16% (NOT PROFITABLE — excluded from selection)
2026-10-07 05:17:17,929 [INFO]   window=60min threshold=10.0% -> 1838 signals, win_rate=14.6%, Wilson lower bound=12.3% (at 99.79% confidence), net_expectancy=-0.82% (NOT PROFITABLE — excluded from selection)
2026-10-07 05:21:16,703 [INFO]   window=870min threshold=10.0% -> 561 signals, win_rate=66.0%, Wilson lower bound=59.6% (at 99.79% confidence), net_expectancy=N/A (NOT PROFITABLE — excluded from selection)
2026-10-07 05:25:07,881 [INFO]   window=870min threshold=20.0% -> 385 signals, win_rate=31.2%, Wilson lower bound=24.4% (at 99.79% confidence), net_expectancy=N/A (NOT PROFITABLE — excluded from selection)
2026-10-07 05:28:57,844 [INFO]   window=870min threshold=30.0% -> 236 signals, win_rate=12.7%, Wilson lower bound=7.5% (at 99.79% confidence), net_expectancy=N/A (NOT PROFITABLE — excluded from selection)
2026-10-07 05:32:46,888 [INFO]   window=870min threshold=40.0% -> 159 signals, win_rate=14.5%, Wilson lower bound=7.9% (at 99.79% confidence), net_expectancy=N/A (NOT PROFITABLE — excluded from selection)
2026-10-07 05:36:34,483 [INFO]   window=2610min threshold=17.0% -> 426 signals, win_rate=47.9%, Wilson lower bound=40.6% (at 99.79% confidence), net_expectancy=-0.81% (NOT PROFITABLE — excluded from selection)
2026-10-07 05:40:20,397 [INFO]   window=2610min threshold=34.0% -> 239 signals, win_rate=43.9%, Wilson lower bound=34.5% (at 99.79% confidence), net_expectancy=-3.32% (NOT PROFITABLE — excluded from selection)
2026-10-07 05:44:00,181 [INFO]   window=2610min threshold=51.0% -> 65 signals, win_rate=12.3%, Wilson lower bound=4.4% (at 99.79% confidence), net_expectancy=-15.00% (NOT PROFITABLE — excluded from selection)
2026-10-07 05:47:38,913 [INFO]   window=2610min threshold=68.0% -> 19 signals, win_rate=0.0%, Wilson lower bound=0.0% (at 99.79% confidence), net_expectancy=N/A (NOT PROFITABLE — excluded from selection)
2026-10-07 05:51:23,108 [INFO]   window=4350min threshold=22.0% -> 306 signals, win_rate=34.6%, Wilson lower bound=26.8% (at 99.79% confidence), net_expectancy=-7.69% (NOT PROFITABLE — excluded from selection)
2026-10-07 05:55:01,054 [INFO]   window=4350min threshold=44.0% -> 205 signals, win_rate=21.0%, Wilson lower bound=13.6% (at 99.79% confidence), net_expectancy=-0.96% (NOT PROFITABLE — excluded from selection)
2026-10-07 05:58:39,463 [INFO]   window=4350min threshold=66.0% -> 90 signals, win_rate=15.6%, Wilson lower bound=7.2% (at 99.79% confidence), net_expectancy=N/A (NOT PROFITABLE — excluded from selection)
2026-10-07 06:02:19,125 [INFO]   window=4350min threshold=88.0% -> 152 signals, win_rate=0.0%, Wilson lower bound=0.0% (at 99.79% confidence), net_expectancy=-5.44% (NOT PROFITABLE — excluded from selection)
2026-10-07 06:05:37,012 [INFO]   window=8700min threshold=31.0% -> 70 signals, win_rate=64.3%, Wilson lower bound=46.0% (at 99.79% confidence), net_expectancy=N/A (NOT PROFITABLE — excluded from selection)
2026-10-07 06:08:56,168 [INFO]   window=8700min threshold=62.0% -> 68 signals, win_rate=0.0%, Wilson lower bound=0.0% (at 99.79% confidence), net_expectancy=N/A (NOT PROFITABLE — excluded from selection)
2026-10-07 06:12:14,219 [INFO]   window=8700min threshold=93.0% -> 178 signals, win_rate=0.0%, Wilson lower bound=0.0% (at 99.79% confidence), net_expectancy=8.56% (PROFITABLE)
2026-10-07 06:15:33,167 [INFO]   window=8700min threshold=100.0% -> 192 signals, win_rate=0.0%, Wilson lower bound=-0.0% (at 99.79% confidence), net_expectancy=0.30% (PROFITABLE)
2026-10-07 06:15:33,167 [INFO] CRUDEOILM: selected window=8700min threshold=93.0% (Wilson lower bound 0.0%, net expectancy 8.56%) out of 2/24 profitable candidates
2026-10-07 06:15:33,205 [INFO] CRUDEOILM: single-day profit concentration: {'sufficient': True, 'max_single_day_share_pct': 70.5811235090332, 'n_days_with_trades': 2, 'best_day_pnl_pct': 598.3547129130258}
2026-10-07 06:15:33,205 [INFO] CRUDEOILM: slippage stress test: {'sufficient': True, 'n_trades_stressed': 99, 'baseline_expectancy_pct': 8.563177658043292, 'stressed_expectancy_pct': {'1.5x': 8.274085419765631, '2.0x': 7.986222705148619}, 'survives_2x_stress': True}
2026-10-07 06:15:33,206 [INFO] CRUDEOILM: wrote /home/runner/work/AUTOBOTAIML/AUTOBOTAIML/data/model_results_CRUDEOILM.json
2026-10-08 04:40:05,688 [INFO] === NIFTY: starting Phase 2 search ===
2026-10-08 04:40:50,515 [INFO]   window=15min threshold=1.0% -> 11199 signals, win_rate=71.7%, Wilson lower bound=70.4% (at 99.75% confidence), net_expectancy=-1.24% (NOT PROFITABLE — excluded from selection)
2026-10-08 04:41:34,658 [INFO]   window=15min threshold=2.0% -> 8920 signals, win_rate=62.0%, Wilson lower bound=60.5% (at 99.75% confidence), net_expectancy=-1.01% (NOT PROFITABLE — excluded from selection)
2026-10-08 04:42:18,129 [INFO]   window=15min threshold=2.5% -> 7114 signals, win_rate=59.2%, Wilson lower bound=57.4% (at 99.75% confidence), net_expectancy=-0.76% (NOT PROFITABLE — excluded from selection)
2026-10-08 04:43:00,743 [INFO]   window=15min threshold=3.5% -> 3706 signals, win_rate=53.8%, Wilson lower bound=51.3% (at 99.75% confidence), net_expectancy=0.51% (PROFITABLE)
2026-10-08 04:43:44,470 [INFO]   window=60min threshold=2.0% -> 2877 signals, win_rate=72.5%, Wilson lower bound=69.9% (at 99.75% confidence), net_expectancy=12.95% (PROFITABLE)
2026-10-08 04:44:27,949 [INFO]   window=60min threshold=3.5% -> 2519 signals, win_rate=63.5%, Wilson lower bound=60.6% (at 99.75% confidence), net_expectancy=15.65% (PROFITABLE)
2026-10-08 04:45:12,784 [INFO]   window=60min threshold=5.0% -> 1872 signals, win_rate=58.8%, Wilson lower bound=55.3% (at 99.75% confidence), net_expectancy=24.64% (PROFITABLE)
2026-10-08 04:45:56,828 [INFO]   window=60min threshold=7.0% -> 1132 signals, win_rate=54.6%, Wilson lower bound=50.1% (at 99.75% confidence), net_expectancy=N/A (NOT PROFITABLE — excluded from selection)
2026-10-08 04:46:40,169 [INFO]   window=180min threshold=3.0% -> 1080 signals, win_rate=69.5%, Wilson lower bound=65.2% (at 99.75% confidence), net_expectancy=N/A (NOT PROFITABLE — excluded from selection)
2026-10-08 04:47:24,951 [INFO]   window=180min threshold=6.0% -> 832 signals, win_rate=61.4%, Wilson lower bound=56.2% (at 99.75% confidence), net_expectancy=N/A (NOT PROFITABLE — excluded from selection)
2026-10-08 04:48:09,015 [INFO]   window=180min threshold=9.0% -> 679 signals, win_rate=53.9%, Wilson lower bound=48.1% (at 99.75% confidence), net_expectancy=N/A (NOT PROFITABLE — excluded from selection)
2026-10-08 04:48:53,069 [INFO]   window=180min threshold=12.0% -> 563 signals, win_rate=49.7%, Wilson lower bound=43.4% (at 99.75% confidence), net_expectancy=N/A (NOT PROFITABLE — excluded from selection)
2026-10-08 04:49:36,966 [INFO]   window=375min threshold=4.0% -> 492 signals, win_rate=80.1%, Wilson lower bound=74.1% (at 99.75% confidence), net_expectancy=N/A (NOT PROFITABLE — excluded from selection)
2026-10-08 04:50:20,559 [INFO]   window=375min threshold=8.5% -> 413 signals, win_rate=70.5%, Wilson lower bound=63.3% (at 99.75% confidence), net_expectancy=N/A (NOT PROFITABLE — excluded from selection)
2026-10-08 04:51:04,668 [INFO]   window=375min threshold=13.0% -> 389 signals, win_rate=64.0%, Wilson lower bound=56.4% (at 99.75% confidence), net_expectancy=N/A (NOT PROFITABLE — excluded from selection)
2026-10-08 04:51:50,231 [INFO]   window=375min threshold=17.0% -> 309 signals, win_rate=57.0%, Wilson lower bound=48.4% (at 99.75% confidence), net_expectancy=N/A (NOT PROFITABLE — excluded from selection)
2026-10-08 04:52:36,141 [INFO]   window=750min threshold=6.0% -> 374 signals, win_rate=78.1%, Wilson lower bound=71.0% (at 99.75% confidence), net_expectancy=N/A (NOT PROFITABLE — excluded from selection)
2026-10-08 04:53:20,550 [INFO]   window=750min threshold=12.0% -> 344 signals, win_rate=68.9%, Wilson lower bound=60.9% (at 99.75% confidence), net_expectancy=N/A (NOT PROFITABLE — excluded from selection)
2026-10-08 04:54:02,990 [INFO]   window=750min threshold=18.0% -> 241 signals, win_rate=58.1%, Wilson lower bound=48.4% (at 99.75% confidence), net_expectancy=N/A (NOT PROFITABLE — excluded from selection)
2026-10-08 04:54:46,558 [INFO]   window=750min threshold=24.0% -> 171 signals, win_rate=52.6%, Wilson lower bound=41.2% (at 99.75% confidence), net_expectancy=N/A (NOT PROFITABLE — excluded from selection)
2026-10-08 04:54:46,558 [INFO] NIFTY: selected window=60min threshold=2.0% (Wilson lower bound 69.9%, net expectancy 12.95%) out of 4/20 profitable candidates
2026-10-08 04:54:46,599 [INFO] NIFTY: single-day profit concentration: {'sufficient': True, 'max_single_day_share_pct': 98.29086532593362, 'n_days_with_trades': 8, 'best_day_pnl_pct': 1661.1294460468375}
2026-10-08 04:54:46,599 [INFO] NIFTY: slippage stress test: {'sufficient': True, 'n_trades_stressed': 110, 'baseline_expectancy_pct': 12.948276642267567, 'stressed_expectancy_pct': {'1.5x': 12.74229878274717, '2.0x': 12.536845887805296}, 'survives_2x_stress': True}
2026-10-08 04:54:46,599 [INFO] NIFTY: wrote /home/runner/work/AUTOBOTAIML/AUTOBOTAIML/data/model_results_NIFTY.json
2026-10-08 04:54:46,626 [INFO] === CRUDEOILM: starting Phase 2 search ===
2026-10-08 04:56:39,347 [INFO]   window=15min threshold=1.5% -> 21249 signals, win_rate=51.9%, Wilson lower bound=50.8% (at 99.79% confidence), net_expectancy=-0.53% (NOT PROFITABLE — excluded from selection)
2026-10-08 04:58:26,451 [INFO]   window=15min threshold=2.5% -> 8203 signals, win_rate=30.9%, Wilson lower bound=29.4% (at 99.79% confidence), net_expectancy=-0.43% (NOT PROFITABLE — excluded from selection)
2026-10-08 05:00:13,786 [INFO]   window=15min threshold=4.0% -> 5582 signals, win_rate=10.8%, Wilson lower bound=9.6% (at 99.79% confidence), net_expectancy=-0.50% (NOT PROFITABLE — excluded from selection)
2026-10-08 05:02:00,323 [INFO]   window=15min threshold=5.0% -> 5367 signals, win_rate=5.2%, Wilson lower bound=4.3% (at 99.79% confidence), net_expectancy=-0.47% (NOT PROFITABLE — excluded from selection)
2026-10-08 05:03:52,343 [INFO]   window=60min threshold=2.5% -> 9696 signals, win_rate=57.1%, Wilson lower bound=55.6% (at 99.79% confidence), net_expectancy=-0.48% (NOT PROFITABLE — excluded from selection)
2026-10-08 05:05:44,985 [INFO]   window=60min threshold=5.0% -> 3634 signals, win_rate=36.7%, Wilson lower bound=34.3% (at 99.79% confidence), net_expectancy=-0.58% (NOT PROFITABLE — excluded from selection)
2026-10-08 05:07:37,871 [INFO]   window=60min threshold=8.0% -> 2385 signals, win_rate=18.9%, Wilson lower bound=16.5% (at 99.79% confidence), net_expectancy=-0.19% (NOT PROFITABLE — excluded from selection)
2026-10-08 05:09:29,317 [INFO]   window=60min threshold=10.0% -> 1849 signals, win_rate=14.5%, Wilson lower bound=12.2% (at 99.79% confidence), net_expectancy=-0.83% (NOT PROFITABLE — excluded from selection)
2026-10-08 05:11:17,703 [INFO]   window=870min threshold=10.0% -> 619 signals, win_rate=64.3%, Wilson lower bound=58.2% (at 99.79% confidence), net_expectancy=N/A (NOT PROFITABLE — excluded from selection)
2026-10-08 05:13:05,572 [INFO]   window=870min threshold=20.0% -> 440 signals, win_rate=33.0%, Wilson lower bound=26.5% (at 99.79% confidence), net_expectancy=N/A (NOT PROFITABLE — excluded from selection)
2026-10-08 05:14:51,704 [INFO]   window=870min threshold=30.0% -> 282 signals, win_rate=18.4%, Wilson lower bound=12.4% (at 99.79% confidence), net_expectancy=N/A (NOT PROFITABLE — excluded from selection)
2026-10-08 05:16:41,326 [INFO]   window=870min threshold=40.0% -> 202 signals, win_rate=21.8%, Wilson lower bound=14.2% (at 99.79% confidence), net_expectancy=N/A (NOT PROFITABLE — excluded from selection)
2026-10-08 05:18:28,439 [INFO]   window=2610min threshold=17.0% -> 484 signals, win_rate=49.6%, Wilson lower bound=42.7% (at 99.79% confidence), net_expectancy=-0.81% (NOT PROFITABLE — excluded from selection)
2026-10-08 05:20:12,314 [INFO]   window=2610min threshold=34.0% -> 294 signals, win_rate=41.8%, Wilson lower bound=33.4% (at 99.79% confidence), net_expectancy=-3.32% (NOT PROFITABLE — excluded from selection)
2026-10-08 05:21:55,291 [INFO]   window=2610min threshold=51.0% -> 87 signals, win_rate=9.2%, Wilson lower bound=3.3% (at 99.79% confidence), net_expectancy=-15.00% (NOT PROFITABLE — excluded from selection)
2026-10-08 05:23:38,224 [INFO]   window=2610min threshold=68.0% -> 38 signals, win_rate=0.0%, Wilson lower bound=0.0% (at 99.79% confidence), net_expectancy=N/A (NOT PROFITABLE — excluded from selection)
2026-10-08 05:25:16,504 [INFO]   window=4350min threshold=22.0% -> 306 signals, win_rate=34.6%, Wilson lower bound=26.8% (at 99.79% confidence), net_expectancy=-7.69% (NOT PROFITABLE — excluded from selection)
2026-10-08 05:26:50,503 [INFO]   window=4350min threshold=44.0% -> 205 signals, win_rate=21.0%, Wilson lower bound=13.6% (at 99.79% confidence), net_expectancy=-0.96% (NOT PROFITABLE — excluded from selection)
2026-10-08 05:28:24,187 [INFO]   window=4350min threshold=66.0% -> 90 signals, win_rate=15.6%, Wilson lower bound=7.2% (at 99.79% confidence), net_expectancy=N/A (NOT PROFITABLE — excluded from selection)
2026-10-08 05:29:57,413 [INFO]   window=4350min threshold=88.0% -> 152 signals, win_rate=0.0%, Wilson lower bound=0.0% (at 99.79% confidence), net_expectancy=-5.44% (NOT PROFITABLE — excluded from selection)
2026-10-08 05:31:22,848 [INFO]   window=8700min threshold=31.0% -> 133 signals, win_rate=51.9%, Wilson lower bound=38.9% (at 99.79% confidence), net_expectancy=-7.65% (NOT PROFITABLE — excluded from selection)
2026-10-08 05:32:54,932 [INFO]   window=8700min threshold=62.0% -> 107 signals, win_rate=0.0%, Wilson lower bound=0.0% (at 99.79% confidence), net_expectancy=17.41% (PROFITABLE)
2026-10-08 05:34:22,208 [INFO]   window=8700min threshold=93.0% -> 191 signals, win_rate=0.0%, Wilson lower bound=0.0% (at 99.79% confidence), net_expectancy=0.13% (PROFITABLE)
2026-10-08 05:35:48,594 [INFO]   window=8700min threshold=100.0% -> 205 signals, win_rate=0.0%, Wilson lower bound=0.0% (at 99.79% confidence), net_expectancy=-6.97% (NOT PROFITABLE — excluded from selection)
2026-10-08 05:35:48,594 [INFO] CRUDEOILM: selected window=8700min threshold=62.0% (Wilson lower bound 0.0%, net expectancy 17.41%) out of 2/24 profitable candidates
2026-10-08 05:35:48,608 [INFO] CRUDEOILM: single-day profit concentration: {'sufficient': True, 'max_single_day_share_pct': 100.0, 'n_days_with_trades': 1, 'best_day_pnl_pct': 504.80056025300536}
2026-10-08 05:35:48,608 [INFO] CRUDEOILM: slippage stress test: {'sufficient': True, 'n_trades_stressed': 29, 'baseline_expectancy_pct': 17.406915870793288, 'stressed_expectancy_pct': {'1.5x': 17.105158250567257, '2.0x': 16.8047973270076}, 'survives_2x_stress': True}
2026-10-08 05:35:48,609 [INFO] CRUDEOILM: wrote /home/runner/work/AUTOBOTAIML/AUTOBOTAIML/data/model_results_CRUDEOILM.json
